design,environment,experiment_id,trial_id,state,wall_seconds,env,coverage,sigma,policy,alpha,run,found,nominal_length,min_clearance,planner_cost,nodes,plan_time,realized_mean,realized_p95,realized_max,over_budget,hazard_rate
cvar0.1,easy-sigma0.01-seed0,121,121,TrialState.SUCCESSFUL|SHUT_DOWN,1.501337767,easy,0.08,0.01,cvar0.1,0.1,0,1,80.554627289,0.885277149,81.174493171,1315,0.874254057,80.906217257,82.433128113,86.64970972,0.0,0.3075
cvar0.1,easy-sigma0.01-seed1,122,122,TrialState.SUCCESSFUL|SHUT_DOWN,1.501087666,easy,0.08,0.01,cvar0.1,0.1,1,1,79.654434365,0.651163781,80.317890994,1312,0.919086964,80.130889003,82.240744679,84.608142292,0.0,0.4625
cvar0.1,easy-sigma0.01-seed2,123,123,TrialState.SUCCESSFUL|SHUT_DOWN,1.500989437,easy,0.08,0.01,cvar0.1,0.1,2,1,79.557679847,0.046110386,80.275153384,1285,0.86784791,80.235570118,82.729757969,89.102977793,0.0,0.51
cvar0.1,easy-sigma0.01-seed3,124,124,TrialState.SUCCESSFUL|SHUT_DOWN,1.502144337,easy,0.08,0.01,cvar0.1,0.1,3,1,80.023445996,1.05498065,80.464620804,1313,0.904499332,80.388257059,82.032909224,90.126085462,0.0,0.335
cvar0.1,easy-sigma0.01-seed4,125,125,TrialState.SUCCESSFUL|SHUT_DOWN,1.501674175,easy,0.08,0.01,cvar0.1,0.1,4,1,79.784236011,1.232808834,80.290868246,1298,0.877770534,80.069417122,81.529980916,85.378132702,0.0,0.235
cvar0.1,easy-sigma0.05-seed0,126,126,TrialState.SUCCESSFUL|SHUT_DOWN,1.501643419,easy,0.08,0.05,cvar0.1,0.1,0,1,80.608580981,0.885277149,83.556131433,1315,0.858642431,82.142274629,89.245238028,109.074740054,0.0,0.35
cvar0.1,easy-sigma0.05-seed1,127,127,TrialState.SUCCESSFUL|SHUT_DOWN,1.502144814,easy,0.08,0.05,cvar0.1,0.1,1,1,80.02962946,3.269989355,81.764921724,1312,0.938114698,80.915447344,86.19396328,96.494380306,0.0,0.2425
cvar0.1,easy-sigma0.05-seed2,128,128,TrialState.SUCCESSFUL|SHUT_DOWN,1.502066135,easy,0.08,0.05,cvar0.1,0.1,2,1,80.00224124,1.092144534,82.651186458,1285,0.869251052,82.042277322,89.070420275,113.021864704,0.0,0.5025
cvar0.1,easy-sigma0.05-seed3,129,129,TrialState.SUCCESSFUL|SHUT_DOWN,1.50172019,easy,0.08,0.05,cvar0.1,0.1,3,1,80.444787023,2.749943064,81.757969414,1313,0.917548025,81.354172323,87.287068661,108.892957812,0.0,0.2025
cvar0.1,easy-sigma0.05-seed4,130,130,TrialState.SUCCESSFUL|SHUT_DOWN,1.502546072,easy,0.08,0.05,cvar0.1,0.1,4,1,80.403561721,3.970187112,82.221025706,1298,0.889861486,81.300483172,87.760768537,99.041244264,0.0,0.1475
cvar0.1,easy-sigma0.1-seed0,131,131,TrialState.SUCCESSFUL|SHUT_DOWN,1.501578331,easy,0.08,0.1,cvar0.1,0.1,0,1,81.967035405,3.095560692,86.174980193,1315,0.868873057,83.579814322,92.626722781,112.648750167,0.0,0.255
cvar0.1,easy-sigma0.1-seed1,132,132,TrialState.SUCCESSFUL|SHUT_DOWN,1.501204967,easy,0.08,0.1,cvar0.1,0.1,1,1,80.457887338,3.269989355,83.767427888,1312,0.934078298,82.09824149,93.51963771,135.409227169,0.0025,0.2275
cvar0.1,easy-sigma0.1-seed2,133,133,TrialState.SUCCESSFUL|SHUT_DOWN,1.502161741,easy,0.08,0.1,cvar0.1,0.1,2,1,80.738783383,2.80067164,85.003575802,1285,0.87549307,83.941782932,96.689900603,163.646114681,0.0075,0.33
cvar0.1,easy-sigma0.1-seed3,134,134,TrialState.SUCCESSFUL|SHUT_DOWN,1.501885414,easy,0.08,0.1,cvar0.1,0.1,3,1,80.805324358,3.425641262,83.022501902,1313,0.92240261,82.27504664,92.682973375,127.632720053,0.0025,0.19
cvar0.1,easy-sigma0.1-seed4,135,135,TrialState.SUCCESSFUL|SHUT_DOWN,1.50196743,easy,0.08,0.1,cvar0.1,0.1,4,1,80.42169346,3.970187112,84.001174791,1298,0.885690683,81.941985086,88.683178799,126.305205616,0.005,0.1725
cvar0.1,easy-sigma0.5-seed0,136,136,TrialState.SUCCESSFUL|SHUT_DOWN,1.501945019,easy,0.08,0.5,cvar0.1,0.1,0,1,83.351340125,3.483652704,102.588796815,1315,0.87446684,90.022725899,119.744613981,320.043952966,0.055,0.225
cvar0.1,easy-sigma0.5-seed1,137,137,TrialState.SUCCESSFUL|SHUT_DOWN,1.502446175,easy,0.08,0.5,cvar0.1,0.1,1,1,81.511036794,4.0,94.669649823,1312,0.925460961,88.012467745,123.329495686,327.695042389,0.055,0.1575
cvar0.1,easy-sigma0.5-seed2,138,138,TrialState.SUCCESSFUL|SHUT_DOWN,1.502026081,easy,0.08,0.5,cvar0.1,0.1,2,1,82.604650353,2.80067164,99.746838849,1285,0.862529428,94.895844054,154.058017494,300.564204555,0.125,0.315
cvar0.1,easy-sigma0.5-seed3,139,139,TrialState.SUCCESSFUL|SHUT_DOWN,1.501836061,easy,0.08,0.5,cvar0.1,0.1,3,1,81.0756486,3.744084196,91.333387152,1313,0.944303895,88.507177054,136.067713535,255.203094483,0.0675,0.185
cvar0.1,easy-sigma0.5-seed4,140,140,TrialState.SUCCESSFUL|SHUT_DOWN,1.501212597,easy,0.08,0.5,cvar0.1,0.1,4,1,82.173359138,4.0,96.726965062,1298,0.877200707,88.608920026,128.831179563,257.274656456,0.065,0.17
cvar0.1,hard-sigma0.01-seed0,161,161,TrialState.SUCCESSFUL|SHUT_DOWN,1.000325203,hard,0.26,0.01,cvar0.1,0.1,0,1,80.261283369,0.003668332,81.473749421,1063,0.669525352,81.10344009,83.817838772,88.988631782,0.0,0.5825
cvar0.1,hard-sigma0.01-seed1,162,162,TrialState.SUCCESSFUL|SHUT_DOWN,1.00033927,hard,0.26,0.01,cvar0.1,0.1,1,1,81.747259263,0.380495042,82.99110954,1067,0.712413302,82.729456717,84.902663801,87.328081308,0.0,0.785
cvar0.1,hard-sigma0.01-seed2,163,163,TrialState.SUCCESSFUL|SHUT_DOWN,1.000797033,hard,0.26,0.01,cvar0.1,0.1,2,1,81.359422131,0.515667137,82.438990538,998,0.649674593,82.396128468,85.619649691,88.053266933,0.0,0.6925
cvar0.1,hard-sigma0.01-seed3,164,164,TrialState.SUCCESSFUL|SHUT_DOWN,1.000804186,hard,0.26,0.01,cvar0.1,0.1,3,1,80.540277956,0.089829929,81.868988684,1006,0.692018735,81.460412614,84.049724447,88.344064682,0.0,0.7025
cvar0.1,hard-sigma0.01-seed4,165,165,TrialState.SUCCESSFUL|SHUT_DOWN,1.000655413,hard,0.26,0.01,cvar0.1,0.1,4,1,80.551283885,0.032176712,81.780075052,1034,0.662442014,81.536683277,84.040216658,87.647389421,0.0,0.7475
cvar0.1,hard-sigma0.05-seed0,166,166,TrialState.SUCCESSFUL|SHUT_DOWN,1.000771046,hard,0.26,0.05,cvar0.1,0.1,0,1,80.858572268,0.549076065,85.772358054,1063,0.699880965,84.062419857,95.753230909,123.793872172,0.0025,0.5675
cvar0.1,hard-sigma0.05-seed1,167,167,TrialState.SUCCESSFUL|SHUT_DOWN,1.000550747,hard,0.26,0.05,cvar0.1,0.1,1,1,82.494401806,0.816013721,87.211659062,1067,0.738645832,86.263214779,97.071838597,114.551688222,0.0,0.67
cvar0.1,hard-sigma0.05-seed2,168,168,TrialState.SUCCESSFUL|SHUT_DOWN,1.000374556,hard,0.26,0.05,cvar0.1,0.1,2,1,81.848885828,0.515667137,86.613317662,998,0.703583333,86.377535935,99.51859101,124.045771422,0.005,0.76
cvar0.1,hard-sigma0.05-seed3,169,169,TrialState.SUCCESSFUL|SHUT_DOWN,1.000357628,hard,0.26,0.05,cvar0.1,0.1,3,1,81.591225285,0.716335847,86.111612429,1006,0.723638969,85.005153727,95.388381921,122.513463954,0.0025,0.605
cvar0.1,hard-sigma0.05-seed4,170,170,TrialState.SUCCESSFUL|SHUT_DOWN,1.000345707,hard,0.26,0.05,cvar0.1,0.1,4,1,81.224573619,0.690578818,86.046616473,1034,0.722520965,84.980743063,96.578760971,111.419800483,0.0,0.645
cvar0.1,hard-sigma0.1-seed0,171,171,TrialState.SUCCESSFUL|SHUT_DOWN,1.001121759,hard,0.26,0.1,cvar0.1,0.1,0,1,80.861048352,0.549076065,90.684191971,1063,0.73918428,87.494066751,112.999347377,164.552939469,0.0225,0.525
cvar0.1,hard-sigma0.1-seed1,172,172,TrialState.SUCCESSFUL|SHUT_DOWN,1.000375986,hard,0.26,0.1,cvar0.1,0.1,1,1,83.401929033,1.559688211,91.829342882,1067,0.731659187,89.906389189,113.899977634,140.881087017,0.0275,0.565
cvar0.1,hard-sigma0.1-seed2,173,173,TrialState.SUCCESSFUL|SHUT_DOWN,1.000673532,hard,0.26,0.1,cvar0.1,0.1,2,1,82.178299296,0.515667137,91.025112976,998,0.717551854,90.174487005,114.9100777,165.748622924,0.035,0.755
cvar0.1,hard-sigma0.1-seed3,174,174,TrialState.SUCCESSFUL|SHUT_DOWN,1.000955582,hard,0.26,0.1,cvar0.1,0.1,3,1,82.401061776,1.178074204,89.900269161,1006,0.741553678,89.279750541,114.444633337,142.030811169,0.03,0.5975
cvar0.1,hard-sigma0.1-seed4,175,175,TrialState.SUCCESSFUL|SHUT_DOWN,1.000663042,hard,0.26,0.1,cvar0.1,0.1,4,1,81.187092944,0.690578818,91.018873399,1034,0.670467983,88.755576372,110.765219079,148.991884775,0.0225,0.6425
cvar0.1,hard-sigma0.5-seed0,176,176,TrialState.SUCCESSFUL|SHUT_DOWN,1.000871658,hard,0.26,0.5,cvar0.1,0.1,0,1,86.464739013,1.452215619,120.910122962,1063,0.696273457,107.984734757,182.432595358,450.146312253,0.2375,0.5
cvar0.1,hard-sigma0.5-seed1,177,177,TrialState.SUCCESSFUL|SHUT_DOWN,1.00067091,hard,0.26,0.5,cvar0.1,0.1,1,1,86.589731219,2.213895185,120.848854584,1067,0.727795204,113.229050263,215.419122471,412.821260671,0.255,0.5025
cvar0.1,hard-sigma0.5-seed2,178,178,TrialState.SUCCESSFUL|SHUT_DOWN,1.000609875,hard,0.26,0.5,cvar0.1,0.1,2,1,84.634337344,0.622682881,122.786675074,998,0.662220896,117.870906158,223.678370974,473.26833443,0.315,0.6175
cvar0.1,hard-sigma0.5-seed3,179,179,TrialState.SUCCESSFUL|SHUT_DOWN,1.000700235,hard,0.26,0.5,cvar0.1,0.1,3,1,84.117284147,1.641987712,116.369379873,1006,0.710002975,113.812693722,226.727720337,449.138563264,0.2475,0.535
cvar0.1,hard-sigma0.5-seed4,180,180,TrialState.SUCCESSFUL|SHUT_DOWN,1.000782728,hard,0.26,0.5,cvar0.1,0.1,4,1,83.37516068,0.882372779,125.183102864,1034,0.66827042,108.753559393,192.009493874,529.319526996,0.24,0.6075
cvar0.1,medium-sigma0.01-seed0,141,141,TrialState.SUCCESSFUL|SHUT_DOWN,1.000182629,medium,0.16,0.01,cvar0.1,0.1,0,1,80.53156129,0.264337952,81.455114622,1183,0.77082909,81.093651804,83.329413367,87.071497701,0.0,0.44
cvar0.1,medium-sigma0.01-seed1,142,142,TrialState.SUCCESSFUL|SHUT_DOWN,1.502314568,medium,0.16,0.01,cvar0.1,0.1,1,1,80.280396582,0.175866353,81.161506213,1191,0.840173985,80.890944966,83.105116369,86.200316306,0.0,0.5675
cvar0.1,medium-sigma0.01-seed2,143,143,TrialState.SUCCESSFUL|SHUT_DOWN,1.000286818,medium,0.16,0.01,cvar0.1,0.1,2,1,79.841720738,0.339849836,80.664080114,1185,0.793076038,80.581171454,82.979072178,86.032202483,0.0,0.6325
cvar0.1,medium-sigma0.01-seed3,144,144,TrialState.SUCCESSFUL|SHUT_DOWN,1.50217104,medium,0.16,0.01,cvar0.1,0.1,3,1,79.993684107,0.1576947,80.659434273,1191,0.807311293,80.488953141,82.572385995,85.497241625,0.0,0.515
cvar0.1,medium-sigma0.01-seed4,145,145,TrialState.SUCCESSFUL|SHUT_DOWN,1.502797365,medium,0.16,0.01,cvar0.1,0.1,4,1,80.159696002,0.105937423,81.116016472,1217,0.802106075,80.894930268,82.962158438,85.947138167,0.0,0.59
cvar0.1,medium-sigma0.05-seed0,146,146,TrialState.SUCCESSFUL|SHUT_DOWN,1.000787497,medium,0.16,0.05,cvar0.1,0.1,0,1,81.31315561,1.755595626,84.846860611,1183,0.786764338,83.915973296,95.302520495,110.962725963,0.0,0.4525
cvar0.1,medium-sigma0.05-seed1,147,147,TrialState.SUCCESSFUL|SHUT_DOWN,1.502016306,medium,0.16,0.05,cvar0.1,0.1,1,1,80.816608637,0.450391385,84.671794933,1191,0.871439438,83.368870309,91.000917087,103.722615166,0.0,0.6275
cvar0.1,medium-sigma0.05-seed2,148,148,TrialState.SUCCESSFUL|SHUT_DOWN,1.503185987,medium,0.16,0.05,cvar0.1,0.1,2,1,80.186317834,0.339849836,83.857553496,1185,0.846748071,83.392685008,93.820581092,124.968485697,0.0025,0.545
cvar0.1,medium-sigma0.05-seed3,149,149,TrialState.SUCCESSFUL|SHUT_DOWN,1.502492428,medium,0.16,0.05,cvar0.1,0.1,3,1,80.430462578,1.355945077,82.716011587,1191,0.817439846,82.637432167,92.207259938,110.428675311,0.0,0.45
cvar0.1,medium-sigma0.05-seed4,150,150,TrialState.SUCCESSFUL|SHUT_DOWN,1.000410795,medium,0.16,0.05,cvar0.1,0.1,4,1,80.876710979,1.644426724,84.072049767,1217,0.796228967,82.972644817,91.211291562,107.679022681,0.0,0.41
cvar0.1,medium-sigma0.1-seed0,151,151,TrialState.SUCCESSFUL|SHUT_DOWN,1.000694513,medium,0.16,0.1,cvar0.1,0.1,0,1,81.898904936,2.235908106,88.212203969,1183,0.788076248,85.243503562,99.66562109,128.825896658,0.01,0.3825
cvar0.1,medium-sigma0.1-seed1,152,152,TrialState.SUCCESSFUL|SHUT_DOWN,1.501675606,medium,0.16,0.1,cvar0.1,0.1,1,1,81.478679065,1.02863966,88.378576436,1191,0.867746859,86.090022817,101.770099442,140.375406071,0.01,0.5225
cvar0.1,medium-sigma0.1-seed2,153,153,TrialState.SUCCESSFUL|SHUT_DOWN,1.502225399,medium,0.16,0.1,cvar0.1,0.1,2,1,80.28976442,0.339849836,87.474067145,1185,0.821463862,86.579268676,107.764102449,170.367069965,0.025,0.5325
cvar0.1,medium-sigma0.1-seed3,154,154,TrialState.SUCCESSFUL|SHUT_DOWN,1.502129793,medium,0.16,0.1,cvar0.1,0.1,3,1,81.043716973,2.379600321,84.743141894,1191,0.843793757,84.845929676,104.108692064,148.154960885,0.015,0.3525
cvar0.1,medium-sigma0.1-seed4,155,155,TrialState.SUCCESSFUL|SHUT_DOWN,1.501485825,medium,0.16,0.1,cvar0.1,0.1,4,1,81.183787476,1.829940054,87.087025116,1217,0.852237185,84.913394151,101.503151661,124.180206641,0.005,0.4175
cvar0.1,medium-sigma0.5-seed0,156,156,TrialState.SUCCESSFUL|SHUT_DOWN,1.502464771,medium,0.16,0.5,cvar0.1,0.1,0,1,85.173976939,3.281095355,110.525052683,1183,0.801952274,96.489136379,147.808190278,443.134445685,0.1125,0.34
cvar0.1,medium-sigma0.5-seed1,157,157,TrialState.SUCCESSFUL|SHUT_DOWN,1.501816988,medium,0.16,0.5,cvar0.1,0.1,1,1,85.994255559,2.12642395,112.097133637,1191,0.908082786,106.121158232,187.540269471,395.387534682,0.2,0.4075
cvar0.1,medium-sigma0.5-seed2,158,158,TrialState.SUCCESSFUL|SHUT_DOWN,1.502423525,medium,0.16,0.5,cvar0.1,0.1,2,1,87.688380843,3.415083193,109.401294045,1185,0.80493378,104.637151782,192.428182986,334.188892298,0.1825,0.34
cvar0.1,medium-sigma0.5-seed3,159,159,TrialState.SUCCESSFUL|SHUT_DOWN,1.502231598,medium,0.16,0.5,cvar0.1,0.1,3,1,82.844237665,3.602724769,97.461518801,1191,0.809544674,95.214837271,151.059762157,406.379150949,0.1325,0.3175
cvar0.1,medium-sigma0.5-seed4,160,160,TrialState.SUCCESSFUL|SHUT_DOWN,1.000701666,medium,0.16,0.5,cvar0.1,0.1,4,1,84.614840857,2.751752678,109.022372791,1217,0.801086789,96.967127353,159.299992503,311.624792311,0.125,0.2775
cvar0.5,easy-sigma0.01-seed0,181,181,TrialState.SUCCESSFUL|SHUT_DOWN,1.501237869,easy,0.08,0.01,cvar0.5,0.5,0,1,80.534912428,0.885277149,81.995574933,1315,0.901438618,80.886102252,82.423393529,86.634734557,0.0,0.305
cvar0.5,easy-sigma0.01-seed1,182,182,TrialState.SUCCESSFUL|SHUT_DOWN,1.502692461,easy,0.08,0.01,cvar0.5,0.5,1,1,79.777930713,1.878070963,81.052087087,1312,0.964053674,80.0781092,81.461968513,84.72234171,0.0,0.345
cvar0.5,easy-sigma0.01-seed2,183,183,TrialState.SUCCESSFUL|SHUT_DOWN,1.502256155,easy,0.08,0.01,cvar0.5,0.5,2,1,79.738863704,1.092144534,81.187567147,1285,0.878004967,80.185654554,81.935474561,86.338415663,0.0,0.5175
cvar0.5,easy-sigma0.01-seed3,184,184,TrialState.SUCCESSFUL|SHUT_DOWN,1.501812935,easy,0.08,0.01,cvar0.5,0.5,3,1,80.067570234,1.05498065,81.16415774,1313,0.965712488,80.296918095,81.513038599,84.699974315,0.0,0.32
cvar0.5,easy-sigma0.01-seed4,185,185,TrialState.SUCCESSFUL|SHUT_DOWN,1.501942396,easy,0.08,0.01,cvar0.5,0.5,4,1,79.784236011,1.232808834,81.027380952,1298,0.898995771,80.069417122,81.529980916,85.378132702,0.0,0.235
cvar0.5,easy-sigma0.05-seed0,186,186,TrialState.SUCCESSFUL|SHUT_DOWN,1.50167346,easy,0.08,0.05,cvar0.5,0.5,0,1,81.646270928,2.495903365,87.538086673,1315,0.907044654,82.60360753,88.366047445,99.292078114,0.0,0.255
cvar0.5,easy-sigma0.05-seed1,187,187,TrialState.SUCCESSFUL|SHUT_DOWN,1.502236843,easy,0.08,0.05,cvar0.5,0.5,1,1,80.457887338,3.269989355,85.193761718,1312,0.95283054,81.278064414,86.988762524,107.933557253,0.0,0.2275
cvar0.5,easy-sigma0.05-seed2,188,188,TrialState.SUCCESSFUL|SHUT_DOWN,1.501833677,easy,0.08,0.05,cvar0.5,0.5,2,1,80.47070182,2.149127385,86.319576466,1285,0.868284735,81.93945788,89.027146688,109.432520752,0.0,0.3625
cvar0.5,easy-sigma0.05-seed3,189,189,TrialState.SUCCESSFUL|SHUT_DOWN,1.501550674,easy,0.08,0.05,cvar0.5,0.5,3,1,80.646877727,3.147979203,84.711126236,1313,0.953716846,81.400853795,87.025800179,96.011464407,0.0,0.1875
cvar0.5,easy-sigma0.05-seed4,190,190,TrialState.SUCCESSFUL|SHUT_DOWN,1.502525806,easy,0.08,0.05,cvar0.5,0.5,4,1,80.420120793,3.970187112,85.365241314,1298,0.892388443,80.992712293,84.019948249,97.188754302,0.0,0.1575
cvar0.5,easy-sigma0.1-seed0,191,191,TrialState.SUCCESSFUL|SHUT_DOWN,1.501880169,easy,0.08,0.1,cvar0.5,0.5,0,1,82.073406175,3.095560692,93.098946545,1315,0.890814087,84.503182187,96.969888757,144.544615476,0.01,0.2475
cvar0.5,easy-sigma0.1-seed1,192,192,TrialState.SUCCESSFUL|SHUT_DOWN,1.500974178,easy,0.08,0.1,cvar0.5,0.5,1,1,80.961996884,4.0,89.648080375,1312,0.947256034,81.958575502,90.036912666,110.463663986,0.0,0.1625
cvar0.5,easy-sigma0.1-seed2,193,193,TrialState.SUCCESSFUL|SHUT_DOWN,1.5014956,easy,0.08,0.1,cvar0.5,0.5,2,1,80.953077429,2.80067164,91.809057519,1285,0.875563493,84.088491198,98.298630111,135.652854814,0.01,0.3275
cvar0.5,easy-sigma0.1-seed3,194,194,TrialState.SUCCESSFUL|SHUT_DOWN,1.502694368,easy,0.08,0.1,cvar0.5,0.5,3,1,80.85015381,3.425641262,88.680790233,1313,0.955831252,82.293964999,92.336538612,127.347237368,0.0025,0.19
cvar0.5,easy-sigma0.1-seed4,195,195,TrialState.SUCCESSFUL|SHUT_DOWN,1.501554012,easy,0.08,0.1,cvar0.5,0.5,4,1,80.854468124,3.970187112,90.19596829,1298,0.877970461,82.136784232,89.445412047,115.774352093,0.0,0.1925
cvar0.5,easy-sigma0.5-seed0,196,196,TrialState.SUCCESSFUL|SHUT_DOWN,1.50241828,easy,0.08,0.5,cvar0.5,0.5,0,1,83.160437961,3.483652704,136.613667958,1315,0.894398882,92.013841557,145.642570388,315.777383653,0.0925,0.2225
cvar0.5,easy-sigma0.5-seed1,197,197,TrialState.SUCCESSFUL|SHUT_DOWN,1.501081944,easy,0.08,0.5,cvar0.5,0.5,1,1,81.683337168,4.0,123.059632785,1312,0.949918877,87.911821945,132.897354379,329.986336644,0.055,0.16
cvar0.5,easy-sigma0.5-seed2,198,198,TrialState.SUCCESSFUL|SHUT_DOWN,1.501728296,easy,0.08,0.5,cvar0.5,0.5,2,1,83.059725007,2.80067164,132.816949682,1285,0.8635994,95.166732017,154.862803393,300.409582655,0.125,0.315
cvar0.5,easy-sigma0.5-seed3,199,199,TrialState.SUCCESSFUL|SHUT_DOWN,1.502638817,easy,0.08,0.5,cvar0.5,0.5,3,1,81.0756486,3.744084196,119.186696199,1313,0.956796546,88.599016425,130.00863682,333.018368364,0.0825,0.225
cvar0.5,easy-sigma0.5-seed4,200,200,TrialState.SUCCESSFUL|SHUT_DOWN,1.501383305,easy,0.08,0.5,cvar0.5,0.5,4,1,82.924206543,4.0,125.40542729,1298,0.869570967,87.146117399,108.675759552,235.095012069,0.035,0.1025
cvar0.5,hard-sigma0.01-seed0,221,221,TrialState.SUCCESSFUL|SHUT_DOWN,1.000466108,hard,0.26,0.01,cvar0.5,0.5,0,1,80.261283369,0.003668332,82.767350204,1063,0.706905261,81.10344009,83.817838772,88.988631782,0.0,0.5825
cvar0.5,hard-sigma0.01-seed1,222,222,TrialState.SUCCESSFUL|SHUT_DOWN,1.000954628,hard,0.26,0.01,cvar0.5,0.5,1,1,81.850262938,0.380495042,84.290666556,1067,0.737987087,82.843176272,85.330481872,90.019769536,0.0,0.7475
cvar0.5,hard-sigma0.01-seed2,223,223,TrialState.SUCCESSFUL|SHUT_DOWN,1.001204967,hard,0.26,0.01,cvar0.5,0.5,2,1,81.359422131,0.515667137,83.660320797,998,0.642271411,82.396128468,85.619649691,88.053266933,0.0,0.6925
cvar0.5,hard-sigma0.01-seed3,224,224,TrialState.SUCCESSFUL|SHUT_DOWN,1.000674963,hard,0.26,0.01,cvar0.5,0.5,3,1,80.624285871,0.089829929,83.218404664,1006,0.716208946,81.505395356,83.92034016,88.690580636,0.0,0.665
cvar0.5,hard-sigma0.01-seed4,225,225,TrialState.SUCCESSFUL|SHUT_DOWN,1.000606298,hard,0.26,0.01,cvar0.5,0.5,4,1,80.590212163,0.690578818,82.921442049,1034,0.667644206,81.537212044,84.255160894,87.481542815,0.0,0.725
cvar0.5,hard-sigma0.05-seed0,226,226,TrialState.SUCCESSFUL|SHUT_DOWN,1.000683784,hard,0.26,0.05,cvar0.5,0.5,0,1,80.898122058,0.549076065,91.357323924,1063,0.71285165,84.076863452,95.79368988,123.18689133,0.0025,0.5675
cvar0.5,hard-sigma0.05-seed1,227,227,TrialState.SUCCESSFUL|SHUT_DOWN,1.000413179,hard,0.26,0.05,cvar0.5,0.5,1,1,82.78005993,0.912647517,92.669893203,1067,0.732711567,86.097639671,95.632557424,118.581226405,0.0,0.605
cvar0.5,hard-sigma0.05-seed2,228,228,TrialState.SUCCESSFUL|SHUT_DOWN,1.001282215,hard,0.26,0.05,cvar0.5,0.5,2,1,82.020289702,0.515667137,92.23556801,998,0.643490194,86.151601834,96.066109791,122.379622626,0.0025,0.785
cvar0.5,hard-sigma0.05-seed3,229,229,TrialState.SUCCESSFUL|SHUT_DOWN,1.001006126,hard,0.26,0.05,cvar0.5,0.5,3,1,82.247837504,1.178074204,91.051463061,1006,0.720785796,85.661442097,96.390384325,121.940632754,0.0025,0.5575
cvar0.5,hard-sigma0.05-seed4,230,230,TrialState.SUCCESSFUL|SHUT_DOWN,1.000479698,hard,0.26,0.05,cvar0.5,0.5,4,1,81.221638992,0.690578818,91.412628881,1034,0.672340002,85.009103053,96.724063813,124.493247778,0.0025,0.6525
cvar0.5,hard-sigma0.1-seed0,231,231,TrialState.SUCCESSFUL|SHUT_DOWN,1.000603676,hard,0.26,0.1,cvar0.5,0.5,0,1,81.02096595,0.549076065,100.948283097,1063,0.718216991,88.369039885,112.610049016,167.827762712,0.0325,0.5925
cvar0.5,hard-sigma0.1-seed1,232,232,TrialState.SUCCESSFUL|SHUT_DOWN,1.000980139,hard,0.26,0.1,cvar0.5,0.5,1,1,83.889247173,1.797469437,101.899369989,1067,0.746212063,89.351964857,107.005631964,143.087150384,0.015,0.5675
cvar0.5,hard-sigma0.1-seed2,233,233,TrialState.SUCCESSFUL|SHUT_DOWN,1.000567913,hard,0.26,0.1,cvar0.5,0.5,2,1,82.489733854,0.515667137,101.707002379,998,0.63190089,89.16778362,106.530423282,130.302852344,0.005,0.7525
cvar0.5,hard-sigma0.1-seed3,234,234,TrialState.SUCCESSFUL|SHUT_DOWN,1.000390053,hard,0.26,0.1,cvar0.5,0.5,3,1,82.828566821,1.178074204,99.74628713,1006,0.716306631,88.651079948,108.803363446,160.435529059,0.015,0.5225
cvar0.5,hard-sigma0.1-seed4,235,235,TrialState.SUCCESSFUL|SHUT_DOWN,1.000809669,hard,0.26,0.1,cvar0.5,0.5,4,1,83.249150626,0.882372779,101.782838966,1034,0.660965874,89.170859394,109.021534783,144.824944801,0.0225,0.615
cvar0.5,hard-sigma0.5-seed0,236,236,TrialState.SUCCESSFUL|SHUT_DOWN,1.502659082,hard,0.26,0.5,cvar0.5,0.5,0,1,88.842670467,1.452215619,166.474602432,1063,0.786499929,108.603287709,177.919944559,357.118046039,0.2475,0.49
cvar0.5,hard-sigma0.5-seed1,237,237,TrialState.SUCCESSFUL|SHUT_DOWN,1.000718832,hard,0.26,0.5,cvar0.5,0.5,1,1,86.604184841,2.213895185,166.673044131,1067,0.731490158,112.152073713,200.610051618,484.80839721,0.26,0.4925
cvar0.5,hard-sigma0.5-seed2,238,238,TrialState.SUCCESSFUL|SHUT_DOWN,1.001159191,hard,0.26,0.5,cvar0.5,0.5,2,1,95.131505495,2.319824273,169.552370416,998,0.631102411,114.529904086,196.31351637,486.010212206,0.26,0.4425
cvar0.5,hard-sigma0.5-seed3,239,239,TrialState.SUCCESSFUL|SHUT_DOWN,1.000983953,hard,0.26,0.5,cvar0.5,0.5,3,1,84.117284147,1.641987712,161.881122993,1006,0.720290139,113.812693722,226.727720337,449.138563264,0.2475,0.535
cvar0.5,hard-sigma0.5-seed4,240,240,TrialState.SUCCESSFUL|SHUT_DOWN,1.000858784,hard,0.26,0.5,cvar0.5,0.5,4,1,83.378784805,0.882372779,174.784717317,1034,0.666212451,111.31597274,197.572215659,393.313395472,0.255,0.615
cvar0.5,medium-sigma0.01-seed0,201,201,TrialState.SUCCESSFUL|SHUT_DOWN,1.501914501,medium,0.16,0.01,cvar0.5,0.5,0,1,80.578946996,0.264337952,82.682518807,1183,0.818892082,81.170447758,83.307355638,87.895777159,0.0,0.4775
cvar0.5,medium-sigma0.01-seed1,202,202,TrialState.SUCCESSFUL|SHUT_DOWN,1.501507521,medium,0.16,0.01,cvar0.5,0.5,1,1,80.296803003,0.175866353,82.215680202,1191,0.879852579,80.962549652,82.769988944,86.554999098,0.0,0.5975
cvar0.5,medium-sigma0.01-seed2,203,203,TrialState.SUCCESSFUL|SHUT_DOWN,1.000357866,medium,0.16,0.01,cvar0.5,0.5,2,1,79.841720738,0.339849836,81.677855676,1185,0.788739071,80.581171454,82.979072178,86.032202483,0.0,0.6325
cvar0.5,medium-sigma0.01-seed3,204,204,TrialState.SUCCESSFUL|SHUT_DOWN,1.502268553,medium,0.16,0.01,cvar0.5,0.5,3,1,80.079779858,0.544306213,81.515468405,1191,0.833422034,80.546850937,82.692586057,85.567152122,0.0,0.48
cvar0.5,medium-sigma0.01-seed4,205,205,TrialState.SUCCESSFUL|SHUT_DOWN,1.000211477,medium,0.16,0.01,cvar0.5,0.5,4,1,80.171764066,0.539485892,82.046060333,1217,0.793154917,80.852970943,82.944499012,88.308598143,0.0,0.585
cvar0.5,medium-sigma0.05-seed0,206,206,TrialState.SUCCESSFUL|SHUT_DOWN,1.502173662,medium,0.16,0.05,cvar0.5,0.5,0,1,81.898904936,2.235908106,89.353718144,1183,0.819920004,83.571204249,90.782263013,105.362400797,0.0,0.3825
cvar0.5,medium-sigma0.05-seed1,207,207,TrialState.SUCCESSFUL|SHUT_DOWN,1.501865149,medium,0.16,0.05,cvar0.5,0.5,1,1,81.351807685,1.02863966,89.420524999,1191,0.879711102,83.754409457,91.412535116,111.607517064,0.0,0.535
cvar0.5,medium-sigma0.05-seed2,208,208,TrialState.SUCCESSFUL|SHUT_DOWN,1.001020432,medium,0.16,0.05,cvar0.5,0.5,2,1,80.255760007,0.339849836,88.545444487,1185,0.795373581,83.171539968,93.258793824,112.416244141,0.0,0.5775
cvar0.5,medium-sigma0.05-seed3,209,209,TrialState.SUCCESSFUL|SHUT_DOWN,1.501595497,medium,0.16,0.05,cvar0.5,0.5,3,1,80.748762325,1.9147827,86.307385079,1191,0.832620399,82.392518845,89.493163842,103.582681623,0.0,0.3875
cvar0.5,medium-sigma0.05-seed4,210,210,TrialState.SUCCESSFUL|SHUT_DOWN,1.502468586,medium,0.16,0.05,cvar0.5,0.5,4,1,81.183787476,1.829940054,88.17358671,1217,0.810978274,83.048590814,91.343469568,102.681997058,0.0,0.4175
cvar0.5,medium-sigma0.1-seed0,211,211,TrialState.SUCCESSFUL|SHUT_DOWN,1.502616882,medium,0.16,0.1,cvar0.5,0.5,0,1,83.126047188,2.288663481,97.14811858,1183,0.816328436,86.533664081,101.019981922,144.283851734,0.01,0.3925
cvar0.5,medium-sigma0.1-seed1,212,212,TrialState.SUCCESSFUL|SHUT_DOWN,1.501547813,medium,0.16,0.1,cvar0.5,0.5,1,1,81.526853832,1.02863966,97.404701654,1191,0.874491357,86.308835797,101.524045859,123.880589055,0.0025,0.5875
cvar0.5,medium-sigma0.1-seed2,213,213,TrialState.SUCCESSFUL|SHUT_DOWN,1.000135183,medium,0.16,0.1,cvar0.5,0.5,2,1,80.283798346,0.327150987,96.896048547,1185,0.787925413,86.250366498,106.347968081,124.063151105,0.0175,0.5825
cvar0.5,medium-sigma0.1-seed3,214,214,TrialState.SUCCESSFUL|SHUT_DOWN,1.501528978,medium,0.16,0.1,cvar0.5,0.5,3,1,81.239170921,2.58384066,91.54379915,1191,0.83736194,84.614560798,102.901843022,145.664317271,0.015,0.365
cvar0.5,medium-sigma0.1-seed4,215,215,TrialState.SUCCESSFUL|SHUT_DOWN,1.000952959,medium,0.16,0.1,cvar0.5,0.5,4,1,81.587573542,1.829940054,95.091443184,1217,0.799746094,85.186650236,99.373494791,148.671926561,0.0075,0.4125
cvar0.5,medium-sigma0.5-seed0,216,216,TrialState.SUCCESSFUL|SHUT_DOWN,1.000413656,medium,0.16,0.5,cvar0.5,0.5,0,1,85.66764204,3.281095355,149.200464711,1183,0.802351579,95.791556172,144.933332606,251.696906447,0.1125,0.3325
cvar0.5,medium-sigma0.5-seed1,217,217,TrialState.SUCCESSFUL|SHUT_DOWN,1.50167942,medium,0.16,0.5,cvar0.5,0.5,1,1,85.994255559,2.12642395,151.550491257,1191,0.88370483,106.121158232,187.540269471,395.387534682,0.2,0.4075
cvar0.5,medium-sigma0.5-seed2,218,218,TrialState.SUCCESSFUL|SHUT_DOWN,1.000748158,medium,0.16,0.5,cvar0.5,0.5,2,1,88.736226433,3.415083193,146.205265331,1185,0.777884475,104.082661133,169.963739251,392.941543127,0.1725,0.34
cvar0.5,medium-sigma0.5-seed3,219,219,TrialState.SUCCESSFUL|SHUT_DOWN,1.501657248,medium,0.16,0.5,cvar0.5,0.5,3,1,83.402873459,3.602724769,129.868553173,1191,0.851769461,96.854390572,156.853355597,309.405425041,0.1425,0.325
cvar0.5,medium-sigma0.5-seed4,220,220,TrialState.SUCCESSFUL|SHUT_DOWN,1.501435995,medium,0.16,0.5,cvar0.5,0.5,4,1,85.185629234,2.751752678,146.170626174,1217,0.814398638,97.81335974,158.248629008,280.545071182,0.1375,0.3275
cvar0.9,easy-sigma0.01-seed0,241,241,TrialState.SUCCESSFUL|SHUT_DOWN,1.502561331,easy,0.08,0.01,cvar0.9,0.9,0,1,81.646270928,2.495903365,85.593705852,1315,0.919681638,81.837738248,82.990226231,85.175432365,0.0,0.255
cvar0.9,easy-sigma0.01-seed1,242,242,TrialState.SUCCESSFUL|SHUT_DOWN,1.502367735,easy,0.08,0.01,cvar0.9,0.9,1,1,80.02962946,3.269989355,83.093268549,1312,0.82765861,80.206793037,81.262496224,83.322579629,0.0,0.2425
cvar0.9,easy-sigma0.01-seed2,243,243,TrialState.SUCCESSFUL|SHUT_DOWN,1.501681328,easy,0.08,0.01,cvar0.9,0.9,2,1,80.47070182,2.149127385,84.486466569,1285,0.868199845,80.764453032,82.181990794,86.263065607,0.0,0.3625
cvar0.9,easy-sigma0.01-seed3,244,244,TrialState.SUCCESSFUL|SHUT_DOWN,1.000478745,easy,0.08,0.01,cvar0.9,0.9,3,1,80.476943674,2.749943064,83.06489864,1313,0.788467648,80.655631299,81.852990805,85.947096408,0.0,0.2125
cvar0.9,easy-sigma0.01-seed4,245,245,TrialState.SUCCESSFUL|SHUT_DOWN,1.501627922,easy,0.08,0.01,cvar0.9,0.9,4,1,80.420120793,3.970187112,83.401599369,1298,0.867146714,80.534639093,81.140086284,83.773847495,0.0,0.1575
cvar0.9,easy-sigma0.05-seed0,246,246,TrialState.SUCCESSFUL|SHUT_DOWN,1.501502991,easy,0.08,0.05,cvar0.9,0.9,0,1,82.107773015,3.095560692,99.946127295,1315,0.921162928,83.003944456,88.116054702,99.584494011,0.0,0.2725
cvar0.9,easy-sigma0.05-seed1,247,247,TrialState.SUCCESSFUL|SHUT_DOWN,1.501806498,easy,0.08,0.05,cvar0.9,0.9,1,1,81.484909649,4.0,93.384823103,1312,0.817740886,82.084801648,85.616056538,109.044089694,0.0,0.16
cvar0.9,easy-sigma0.05-seed2,248,248,TrialState.SUCCESSFUL|SHUT_DOWN,1.501889229,easy,0.08,0.05,cvar0.9,0.9,2,1,81.806451941,2.80067164,98.427622198,1285,0.867449217,83.248685054,90.894182307,111.776122891,0.0,0.3175
cvar0.9,easy-sigma0.05-seed3,249,249,TrialState.SUCCESSFUL|SHUT_DOWN,1.000709772,easy,0.08,0.05,cvar0.9,0.9,3,1,81.110926725,3.744084196,91.893650468,1313,0.798344736,81.828695117,86.683807592,98.554255521,0.0,0.1775
cvar0.9,easy-sigma0.05-seed4,250,250,TrialState.SUCCESSFUL|SHUT_DOWN,1.502334595,easy,0.08,0.05,cvar0.9,0.9,4,1,81.769462949,4.0,94.07334222,1298,0.877309934,82.35496845,86.257566614,97.317810187,0.0,0.1425
cvar0.9,easy-sigma0.1-seed0,251,251,TrialState.SUCCESSFUL|SHUT_DOWN,1.501783371,easy,0.08,0.1,cvar0.9,0.9,0,1,84.662070015,3.483652704,116.763513653,1315,0.924884031,86.29257479,96.319303784,143.544618472,0.0075,0.2025
cvar0.9,easy-sigma0.1-seed1,252,252,TrialState.SUCCESSFUL|SHUT_DOWN,1.502731085,easy,0.08,0.1,cvar0.9,0.9,1,1,81.683337168,4.0,105.030486585,1312,0.820241602,82.853000067,91.766141502,131.343937063,0.0025,0.16
cvar0.9,easy-sigma0.1-seed2,253,253,TrialState.SUCCESSFUL|SHUT_DOWN,1.502288342,easy,0.08,0.1,cvar0.9,0.9,2,1,83.059725007,2.80067164,114.365019766,1285,0.85088005,85.407545634,97.294092181,126.529696537,0.0025,0.315
cvar0.9,easy-sigma0.1-seed3,254,254,TrialState.SUCCESSFUL|SHUT_DOWN,1.00090313,easy,0.08,0.1,cvar0.9,0.9,3,1,81.101337473,3.744084196,102.675711742,1313,0.790946152,82.55520072,92.209297543,124.481310215,0.0025,0.19
cvar0.9,easy-sigma0.1-seed4,255,255,TrialState.SUCCESSFUL|SHUT_DOWN,1.501807928,easy,0.08,0.1,cvar0.9,0.9,4,1,82.991921414,4.0,105.535785321,1298,0.876068186,83.875643898,89.918679447,118.005518198,0.0,0.1475
cvar0.9,easy-sigma0.5-seed0,256,256,TrialState.SUCCESSFUL|SHUT_DOWN,1.501762152,easy,0.08,0.5,cvar0.9,0.9,0,1,87.28845596,3.483652704,244.713779634,1315,0.904075903,95.522705933,141.162780812,470.169948004,0.08,0.195
cvar0.9,easy-sigma0.5-seed1,257,257,TrialState.SUCCESSFUL|SHUT_DOWN,1.50186348,easy,0.08,0.5,cvar0.9,0.9,1,1,82.712256007,4.0,197.819220362,1312,0.828284553,87.381296881,122.23545609,245.280098735,0.0525,0.165
cvar0.9,easy-sigma0.5-seed2,258,258,TrialState.SUCCESSFUL|SHUT_DOWN,1.501720905,easy,0.08,0.5,cvar0.9,0.9,2,1,92.046842431,4.0,217.966432345,1285,0.857877305,99.592365566,140.795714772,278.184936721,0.0975,0.22
cvar0.9,easy-sigma0.5-seed3,259,259,TrialState.SUCCESSFUL|SHUT_DOWN,1.000748873,easy,0.08,0.5,cvar0.9,0.9,3,1,82.143519493,3.744084196,187.710514367,1313,0.794072531,89.47117075,137.755444463,233.748695774,0.0775,0.2075
cvar0.9,easy-sigma0.5-seed4,260,260,TrialState.SUCCESSFUL|SHUT_DOWN,1.501742601,easy,0.08,0.5,cvar0.9,0.9,4,1,85.257700161,4.0,194.272884892,1298,0.878304443,88.576232987,105.732973866,261.731270601,0.03,0.1325
cvar0.9,hard-sigma0.01-seed0,281,281,TrialState.SUCCESSFUL|SHUT_DOWN,1.000730991,hard,0.26,0.01,cvar0.9,0.9,0,1,80.861048352,0.549076065,89.131287029,1063,0.720844597,81.524350192,84.074878255,89.230237464,0.0,0.525
cvar0.9,hard-sigma0.01-seed1,282,282,TrialState.SUCCESSFUL|SHUT_DOWN,1.001316071,hard,0.26,0.01,cvar0.9,0.9,1,1,82.68834376,0.816013721,90.499759018,1067,0.640241564,83.404417071,85.612158347,89.522886744,0.0,0.6125
cvar0.9,hard-sigma0.01-seed2,283,283,TrialState.SUCCESSFUL|SHUT_DOWN,1.001224518,hard,0.26,0.01,cvar0.9,0.9,2,1,81.869765657,0.515667137,90.161886167,998,0.648802845,82.769439668,85.401831459,90.300993167,0.0,0.76
cvar0.9,hard-sigma0.01-seed3,284,284,TrialState.SUCCESSFUL|SHUT_DOWN,1.000663757,hard,0.26,0.01,cvar0.9,0.9,3,1,82.247837504,1.178074204,89.133455334,1006,0.610833872,82.846303272,84.812077742,91.179605446,0.0,0.5575
cvar0.9,hard-sigma0.01-seed4,285,285,TrialState.SUCCESSFUL|SHUT_DOWN,1.000562191,hard,0.26,0.01,cvar0.9,0.9,4,1,81.221638992,0.690578818,89.125475185,1034,0.660023694,81.979131805,84.322123956,89.875960749,0.0,0.6525
cvar0.9,hard-sigma0.05-seed0,286,286,TrialState.SUCCESSFUL|SHUT_DOWN,1.000977039,hard,0.26,0.05,cvar0.9,0.9,0,1,86.240279073,1.452215619,115.965746559,1063,0.717399286,88.129124965,95.586901822,108.051976285,0.0,0.52
cvar0.9,hard-sigma0.05-seed1,287,287,TrialState.SUCCESSFUL|SHUT_DOWN,1.000891685,hard,0.26,0.05,cvar0.9,0.9,1,1,86.295377864,2.172438848,116.364576662,1067,0.640997844,88.916956423,99.142807584,118.905682855,0.0025,0.515
cvar0.9,hard-sigma0.05-seed2,288,288,TrialState.SUCCESSFUL|SHUT_DOWN,1.001422167,hard,0.26,0.05,cvar0.9,0.9,2,1,84.265272776,0.622682881,118.192463035,998,0.638912111,87.529674041,96.918088996,112.333220648,0.0,0.615
cvar0.9,hard-sigma0.05-seed3,289,289,TrialState.SUCCESSFUL|SHUT_DOWN,1.000619411,hard,0.26,0.05,cvar0.9,0.9,3,1,83.769836623,1.641987712,113.612657431,1006,0.607412676,86.900895332,98.511662437,121.340971718,0.0025,0.5375
cvar0.9,hard-sigma0.05-seed4,290,290,TrialState.SUCCESSFUL|SHUT_DOWN,1.0003829,hard,0.26,0.05,cvar0.9,0.9,4,1,83.312818003,0.882372779,118.098106405,1034,0.663529619,85.822570383,94.192234162,127.847315873,0.0025,0.6075
cvar0.9,hard-sigma0.1-seed0,291,291,TrialState.SUCCESSFUL|SHUT_DOWN,1.000832319,hard,0.26,0.1,cvar0.9,0.9,0,1,88.842670467,1.452215619,144.511244821,1063,0.734437177,92.448717284,107.164072323,146.948289195,0.0175,0.5
cvar0.9,hard-sigma0.1-seed1,292,292,TrialState.SUCCESSFUL|SHUT_DOWN,1.00061059,hard,0.26,0.1,cvar0.9,0.9,1,1,87.008512227,2.213895185,145.930866908,1067,0.645920668,91.141283564,108.067464329,142.260427149,0.0175,0.485
cvar0.9,hard-sigma0.1-seed2,293,293,TrialState.SUCCESSFUL|SHUT_DOWN,1.001106262,hard,0.26,0.1,cvar0.9,0.9,2,1,95.131505495,2.319824273,147.686043451,998,0.650394283,98.942523301,115.257318988,173.307246837,0.025,0.4425
cvar0.9,hard-sigma0.1-seed3,294,294,TrialState.SUCCESSFUL|SHUT_DOWN,1.00069356,hard,0.26,0.1,cvar0.9,0.9,3,1,84.117284147,1.641987712,142.902619453,1006,0.631675935,89.996593596,112.639371385,157.12153997,0.03,0.535
cvar0.9,hard-sigma0.1-seed4,295,295,TrialState.SUCCESSFUL|SHUT_DOWN,1.000956297,hard,0.26,0.1,cvar0.9,0.9,4,1,83.175021021,0.882372779,152.317779589,1034,0.681070663,88.70979417,106.083224708,150.702853306,0.0175,0.6175
cvar0.9,hard-sigma0.5-seed0,296,296,TrialState.SUCCESSFUL|SHUT_DOWN,1.000515223,hard,0.26,0.5,cvar0.9,0.9,0,1,91.880869051,1.452215619,359.582085788,1063,0.73902044,109.580082284,173.668147615,354.890890217,0.2275,0.5175
cvar0.9,hard-sigma0.5-seed1,297,297,TrialState.SUCCESSFUL|SHUT_DOWN,1.000685215,hard,0.26,0.5,cvar0.9,0.9,1,1,89.850871549,2.213895185,377.653082089,1067,0.638399082,109.450532685,172.500424426,332.419836964,0.2475,0.4875
cvar0.9,hard-sigma0.5-seed2,298,298,TrialState.SUCCESSFUL|SHUT_DOWN,1.000370979,hard,0.26,0.5,cvar0.9,0.9,2,1,97.757448716,2.319824273,349.518772831,998,0.63509634,113.290078397,173.864204383,281.246558171,0.26,0.4475
cvar0.9,hard-sigma0.5-seed3,299,299,TrialState.SUCCESSFUL|SHUT_DOWN,1.000620604,hard,0.26,0.5,cvar0.9,0.9,3,1,88.265488794,1.736687858,368.083912032,1006,0.604003102,115.849847455,209.680628009,383.156124515,0.2675,0.595
cvar0.9,hard-sigma0.5-seed4,300,300,TrialState.SUCCESSFUL|SHUT_DOWN,1.00101018,hard,0.26,0.5,cvar0.9,0.9,4,1,87.440004846,1.513401779,414.591780145,1034,0.661856237,111.653274865,197.384772126,304.193002606,0.265,0.6225
cvar0.9,medium-sigma0.01-seed0,261,261,TrialState.SUCCESSFUL|SHUT_DOWN,1.502828598,medium,0.16,0.01,cvar0.9,0.9,0,1,81.473659856,2.235908106,87.296261381,1183,0.823980769,81.865330959,83.386870669,87.435633551,0.0,0.425
cvar0.9,medium-sigma0.01-seed1,262,262,TrialState.SUCCESSFUL|SHUT_DOWN,1.000597239,medium,0.16,0.01,cvar0.9,0.9,1,1,81.351807685,1.02863966,87.439246584,1191,0.764281405,81.832328039,83.363953171,87.402949561,0.0,0.535
cvar0.9,medium-sigma0.01-seed2,263,263,TrialState.SUCCESSFUL|SHUT_DOWN,1.000386953,medium,0.16,0.01,cvar0.9,0.9,2,1,80.255760007,0.339849836,86.589841051,1185,0.787871742,80.838915999,82.85636677,86.687856833,0.0,0.5775
cvar0.9,medium-sigma0.01-seed3,264,264,TrialState.SUCCESSFUL|SHUT_DOWN,1.001073599,medium,0.16,0.01,cvar0.9,0.9,3,1,80.748762325,1.9147827,84.580582327,1191,0.714979672,81.077513629,82.497642629,85.315546185,0.0,0.3875
cvar0.9,medium-sigma0.01-seed4,265,265,TrialState.SUCCESSFUL|SHUT_DOWN,1.000236273,medium,0.16,0.01,cvar0.9,0.9,4,1,81.183787476,1.829940054,86.084642995,1217,0.792382487,81.556748143,83.215723894,85.483429392,0.0,0.4175
cvar0.9,medium-sigma0.05-seed0,266,266,TrialState.SUCCESSFUL|SHUT_DOWN,1.501747608,medium,0.16,0.05,cvar0.9,0.9,0,1,84.784175656,3.281095355,107.303089966,1183,0.827727531,85.938828373,91.186653336,120.51220877,0.0025,0.35
cvar0.9,medium-sigma0.05-seed1,267,267,TrialState.SUCCESSFUL|SHUT_DOWN,1.001136065,medium,0.16,0.05,cvar0.9,0.9,1,1,85.843414269,2.12642395,108.945924316,1191,0.768951251,87.52273347,97.058520793,107.79130468,0.0,0.3675
cvar0.9,medium-sigma0.05-seed2,268,268,TrialState.SUCCESSFUL|SHUT_DOWN,1.00078702,medium,0.16,0.05,cvar0.9,0.9,2,1,87.076653089,3.415083193,107.398024258,1185,0.796032025,88.521121757,95.734768915,111.160689241,0.0,0.3675
cvar0.9,medium-sigma0.05-seed3,269,269,TrialState.SUCCESSFUL|SHUT_DOWN,1.00110364,medium,0.16,0.05,cvar0.9,0.9,3,1,82.863356218,3.623823652,97.31248503,1191,0.700742072,84.221198576,90.286648825,107.37243152,0.0,0.3125
cvar0.9,medium-sigma0.05-seed4,270,270,TrialState.SUCCESSFUL|SHUT_DOWN,1.000994205,medium,0.16,0.05,cvar0.9,0.9,4,1,84.579951702,2.751752678,104.963374974,1217,0.804886039,85.834129978,93.708355911,105.771368719,0.0,0.26
cvar0.9,medium-sigma0.1-seed0,271,271,TrialState.SUCCESSFUL|SHUT_DOWN,1.501880169,medium,0.16,0.1,cvar0.9,0.9,0,1,85.557314751,3.281095355,128.969264297,1183,0.827618184,88.304716321,102.136143293,127.814807119,0.005,0.3225
cvar0.9,medium-sigma0.1-seed1,272,272,TrialState.SUCCESSFUL|SHUT_DOWN,1.001074553,medium,0.16,0.1,cvar0.9,0.9,1,1,85.994255559,2.12642395,131.579070239,1191,0.792252391,89.94336505,106.217392514,147.776380005,0.02,0.4075
cvar0.9,medium-sigma0.1-seed2,273,273,TrialState.SUCCESSFUL|SHUT_DOWN,1.502073526,medium,0.16,0.1,cvar0.9,0.9,2,1,88.736226433,3.415083193,126.347413693,1185,0.811725396,91.429189865,104.357050421,134.615428768,0.01,0.335
cvar0.9,medium-sigma0.1-seed3,274,274,TrialState.SUCCESSFUL|SHUT_DOWN,1.000852585,medium,0.16,0.1,cvar0.9,0.9,3,1,83.402873459,3.602724769,112.568319459,1191,0.71647052,86.02717956,98.092969887,128.603383776,0.0075,0.325
cvar0.9,medium-sigma0.1-seed4,275,275,TrialState.SUCCESSFUL|SHUT_DOWN,1.001059532,medium,0.16,0.1,cvar0.9,0.9,4,1,85.269106112,2.751752678,124.839301261,1217,0.799527722,87.833477222,100.374268135,147.351621711,0.01,0.3
cvar0.9,medium-sigma0.5-seed0,276,276,TrialState.SUCCESSFUL|SHUT_DOWN,1.001110792,medium,0.16,0.5,cvar0.9,0.9,0,1,87.764889439,3.281095355,296.308796698,1183,0.798831776,102.332651413,165.323836209,475.916082398,0.15,0.35
cvar0.9,medium-sigma0.5-seed1,277,277,TrialState.SUCCESSFUL|SHUT_DOWN,1.001119614,medium,0.16,0.5,cvar0.9,0.9,1,1,88.208615254,2.126205072,310.955895935,1191,0.765083841,103.15993133,169.129896454,431.407407755,0.1675,0.375
cvar0.9,medium-sigma0.5-seed2,278,278,TrialState.SUCCESSFUL|SHUT_DOWN,1.000916481,medium,0.16,0.5,cvar0.9,0.9,2,1,92.513987315,3.415083193,273.212767822,1185,0.789498346,106.959808992,174.703514486,579.408662999,0.18,0.33
cvar0.9,medium-sigma0.5-seed3,279,279,TrialState.SUCCESSFUL|SHUT_DOWN,1.00082469,medium,0.16,0.5,cvar0.9,0.9,3,1,83.237480605,3.602724769,227.192360018,1191,0.728929137,93.759477166,158.245233607,363.920216901,0.1025,0.2825
cvar0.9,medium-sigma0.5-seed4,280,280,TrialState.SUCCESSFUL|SHUT_DOWN,1.501541376,medium,0.16,0.5,cvar0.9,0.9,4,1,87.842953253,2.751752678,278.61492156,1217,0.80873295,99.69453812,149.511796242,311.66815742,0.1375,0.285
neutral,easy-sigma0.01-seed0,61,61,TrialState.SUCCESSFUL|SHUT_DOWN,1.001265526,easy,0.08,0.01,neutral,0.0,0,1,80.479593834,0.608265354,80.973209045,1315,0.527846485,80.910107213,82.852884292,86.906720847,0.0,0.3625
neutral,easy-sigma0.01-seed1,62,62,TrialState.SUCCESSFUL|SHUT_DOWN,1.000913143,easy,0.08,0.01,neutral,0.0,1,1,79.648527607,0.651163781,80.116349337,1312,0.52857575,80.239615853,82.170737035,87.134481324,0.0,0.48
neutral,easy-sigma0.01-seed2,63,63,TrialState.SUCCESSFUL|SHUT_DOWN,1.001342535,easy,0.08,0.01,neutral,0.0,2,1,79.557679847,0.046110386,80.063238495,1285,0.513412311,80.242551442,82.822817393,85.953125117,0.0,0.515
neutral,easy-sigma0.01-seed3,64,64,TrialState.SUCCESSFUL|SHUT_DOWN,1.001380444,easy,0.08,0.01,neutral,0.0,3,1,79.862297093,0.345933606,80.274035753,1313,0.532663126,80.289032914,82.22392675,88.676809259,0.0,0.395
neutral,easy-sigma0.01-seed4,65,65,TrialState.SUCCESSFUL|SHUT_DOWN,1.000552654,easy,0.08,0.01,neutral,0.0,4,1,79.784236011,1.232808834,80.101785819,1298,0.508546254,80.069417122,81.529980916,85.378132702,0.0,0.235
neutral,easy-sigma0.05-seed0,66,66,TrialState.SUCCESSFUL|SHUT_DOWN,1.001306534,easy,0.08,0.05,neutral,0.0,0,1,80.608580981,0.885277149,82.585562026,1315,0.533370994,82.142274629,89.245238028,109.074740054,0.0,0.35
neutral,easy-sigma0.05-seed1,67,67,TrialState.SUCCESSFUL|SHUT_DOWN,1.001344442,easy,0.08,0.05,neutral,0.0,1,1,80.02962946,3.269989355,80.911128879,1312,0.537265084,80.915447344,86.19396328,96.494380306,0.0,0.2425
neutral,easy-sigma0.05-seed2,68,68,TrialState.SUCCESSFUL|SHUT_DOWN,1.001425266,easy,0.08,0.05,neutral,0.0,2,1,80.00224124,1.092144534,81.679907121,1285,0.504452898,82.042277322,89.070420275,113.021864704,0.0,0.5025
neutral,easy-sigma0.05-seed3,69,69,TrialState.SUCCESSFUL|SHUT_DOWN,1.000509977,easy,0.08,0.05,neutral,0.0,3,1,80.444787023,2.749943064,80.902997995,1313,0.525729291,81.354172323,87.287068661,108.892957812,0.0,0.2025
neutral,easy-sigma0.05-seed4,70,70,TrialState.SUCCESSFUL|SHUT_DOWN,1.001932144,easy,0.08,0.05,neutral,0.0,4,1,79.883058955,1.232808834,81.314990741,1298,0.502619242,81.113314519,87.960292724,101.647005042,0.0,0.26
neutral,easy-sigma0.1-seed0,71,71,TrialState.SUCCESSFUL|SHUT_DOWN,1.000435114,easy,0.08,0.1,neutral,0.0,0,1,81.646270928,2.495903365,84.369231402,1315,0.520420928,83.560944133,95.085823962,116.9378853,0.0,0.255
neutral,easy-sigma0.1-seed1,72,72,TrialState.SUCCESSFUL|SHUT_DOWN,1.001144886,easy,0.08,0.1,neutral,0.0,1,1,80.457887338,3.269989355,82.068374616,1312,0.544739431,82.09824149,93.51963771,135.409227169,0.0025,0.2275
neutral,easy-sigma0.1-seed2,73,73,TrialState.SUCCESSFUL|SHUT_DOWN,1.000521183,easy,0.08,0.1,neutral,0.0,2,1,80.738783383,2.80067164,83.149569765,1285,0.512609143,83.941782932,96.689900603,163.646114681,0.0075,0.33
neutral,easy-sigma0.1-seed3,74,74,TrialState.SUCCESSFUL|SHUT_DOWN,1.001121998,easy,0.08,0.1,neutral,0.0,3,1,80.682155852,3.147979203,81.309149709,1313,0.527187056,82.601733766,93.569586622,144.978870445,0.01,0.1875
neutral,easy-sigma0.1-seed4,75,75,TrialState.SUCCESSFUL|SHUT_DOWN,1.000710249,easy,0.08,0.1,neutral,0.0,4,1,80.42169346,3.970187112,82.246163412,1298,0.513588965,81.941985086,88.683178799,126.305205616,0.005,0.1725
neutral,easy-sigma0.5-seed0,76,76,TrialState.SUCCESSFUL|SHUT_DOWN,1.000685692,easy,0.08,0.5,neutral,0.0,0,1,83.351340125,3.483652704,93.901783936,1315,0.5322313,90.022725899,119.744613981,320.043952966,0.055,0.225
neutral,easy-sigma0.5-seed1,77,77,TrialState.SUCCESSFUL|SHUT_DOWN,1.00120759,easy,0.08,0.5,neutral,0.0,1,1,81.511036794,4.0,86.627718687,1312,0.535428113,88.012467745,123.329495686,327.695042389,0.055,0.1575
neutral,easy-sigma0.5-seed2,78,78,TrialState.SUCCESSFUL|SHUT_DOWN,1.001242876,easy,0.08,0.5,neutral,0.0,2,1,82.497231071,2.80067164,91.096055817,1285,0.512119328,96.51029868,173.22177762,362.295642654,0.1325,0.3
neutral,easy-sigma0.5-seed3,79,79,TrialState.SUCCESSFUL|SHUT_DOWN,1.001395464,easy,0.08,0.5,neutral,0.0,3,1,81.0756486,3.744084196,83.313400908,1313,0.540928087,88.599016425,130.00863682,333.018368364,0.0825,0.225
neutral,easy-sigma0.5-seed4,80,80,TrialState.SUCCESSFUL|SHUT_DOWN,1.001431227,easy,0.08,0.5,neutral,0.0,4,1,82.173359138,4.0,88.460693064,1298,0.509662244,88.608920026,128.831179563,257.274656456,0.065,0.17
neutral,hard-sigma0.01-seed0,101,101,TrialState.SUCCESSFUL|SHUT_DOWN,1.001281023,hard,0.26,0.01,neutral,0.0,0,1,80.261283369,0.003668332,81.219555879,1063,0.422352585,81.10344009,83.817838772,88.988631782,0.0,0.5825
neutral,hard-sigma0.01-seed1,102,102,TrialState.SUCCESSFUL|SHUT_DOWN,1.000651598,hard,0.26,0.01,neutral,0.0,1,1,81.747259263,0.380495042,82.729531019,1067,0.41176303,82.729456717,84.902663801,87.328081308,0.0,0.785
neutral,hard-sigma0.01-seed2,103,103,TrialState.SUCCESSFUL|SHUT_DOWN,1.001320362,hard,0.26,0.01,neutral,0.0,2,1,81.359422131,0.515667137,82.188088603,998,0.390532103,82.396128468,85.619649691,88.053266933,0.0,0.6925
neutral,hard-sigma0.01-seed3,104,104,TrialState.SUCCESSFUL|SHUT_DOWN,1.001083136,hard,0.26,0.01,neutral,0.0,3,1,80.538764084,0.089829929,81.593705733,1006,0.406760856,81.581081001,84.548462526,88.061585602,0.0,0.7125
neutral,hard-sigma0.01-seed4,105,105,TrialState.SUCCESSFUL|SHUT_DOWN,1.001366377,hard,0.26,0.01,neutral,0.0,4,1,80.551283885,0.032176712,81.518607727,1034,0.379056082,81.536683277,84.040216658,87.647389421,0.0,0.7475
neutral,hard-sigma0.05-seed0,106,106,TrialState.SUCCESSFUL|SHUT_DOWN,1.001244068,hard,0.26,0.05,neutral,0.0,0,1,80.734590187,0.549076065,84.593827353,1063,0.421233409,83.965984435,95.592013186,123.186079464,0.0025,0.5725
neutral,hard-sigma0.05-seed1,107,107,TrialState.SUCCESSFUL|SHUT_DOWN,1.00090909,hard,0.26,0.05,neutral,0.0,1,1,82.511766724,0.816013721,86.054732672,1067,0.438005118,86.230415428,99.095902382,116.238189577,0.0,0.6025
neutral,hard-sigma0.05-seed2,108,108,TrialState.SUCCESSFUL|SHUT_DOWN,1.000690699,hard,0.26,0.05,neutral,0.0,2,1,81.784982732,0.515667137,85.425808974,998,0.405590403,86.341493156,99.594178683,125.212488569,0.0025,0.7975
neutral,hard-sigma0.05-seed3,109,109,TrialState.SUCCESSFUL|SHUT_DOWN,1.001351357,hard,0.26,0.05,neutral,0.0,3,1,81.535578361,0.757946345,84.942033238,1006,0.429612556,85.314876727,96.233542812,119.483702493,0.0025,0.6175
neutral,hard-sigma0.05-seed4,110,110,TrialState.SUCCESSFUL|SHUT_DOWN,1.000775099,hard,0.26,0.05,neutral,0.0,4,1,80.681989485,0.690578818,84.856440876,1034,0.400543234,85.130779903,97.889469748,130.26419982,0.0025,0.72
neutral,hard-sigma0.1-seed0,111,111,TrialState.SUCCESSFUL|SHUT_DOWN,1.00101757,hard,0.26,0.1,neutral,0.0,0,1,80.861048352,0.549076065,88.355975904,1063,0.434287572,87.494066751,112.999347377,164.552939469,0.0225,0.525
neutral,hard-sigma0.1-seed1,112,112,TrialState.SUCCESSFUL|SHUT_DOWN,1.001091957,hard,0.26,0.1,neutral,0.0,1,1,82.78005993,0.912647517,89.533727049,1067,0.42042948,89.415219413,108.485054918,154.38239288,0.0225,0.605
neutral,hard-sigma0.1-seed2,113,113,TrialState.SUCCESSFUL|SHUT_DOWN,1.001009464,hard,0.26,0.1,neutral,0.0,2,1,82.176891161,0.515667137,88.72301177,998,0.401893015,90.548987129,117.694667857,162.965614882,0.05,0.7825
neutral,hard-sigma0.1-seed3,114,114,TrialState.SUCCESSFUL|SHUT_DOWN,1.001098633,hard,0.26,0.1,neutral,0.0,3,1,82.247837504,1.178074204,87.675956033,1006,0.404770775,89.07504669,110.532931145,161.633428004,0.0275,0.5575
neutral,hard-sigma0.1-seed4,115,115,TrialState.SUCCESSFUL|SHUT_DOWN,1.001513004,hard,0.26,0.1,neutral,0.0,4,1,81.502458976,0.690578818,88.724336607,1034,0.386941376,89.038600267,112.233814203,167.953769552,0.025,0.6475
neutral,hard-sigma0.5-seed0,116,116,TrialState.SUCCESSFUL|SHUT_DOWN,1.001356125,hard,0.26,0.5,neutral,0.0,0,1,86.464739013,1.452215619,110.475503882,1063,0.419819888,107.984734757,182.432595358,450.146312253,0.2375,0.5
neutral,hard-sigma0.5-seed1,117,117,TrialState.SUCCESSFUL|SHUT_DOWN,1.000978231,hard,0.26,0.5,neutral,0.0,1,1,86.589731219,2.213895185,110.303120446,1067,0.415928042,110.234247141,202.528303635,339.355975572,0.2475,0.505
neutral,hard-sigma0.5-seed2,118,118,TrialState.SUCCESSFUL|SHUT_DOWN,1.001228809,hard,0.26,0.5,neutral,0.0,2,1,84.634337344,0.622682881,111.892252312,998,0.39649891,117.870906158,223.678370974,473.26833443,0.315,0.6175
neutral,hard-sigma0.5-seed3,119,119,TrialState.SUCCESSFUL|SHUT_DOWN,1.001470327,hard,0.26,0.5,neutral,0.0,3,1,84.117284147,1.641987712,105.921611586,1006,0.417378403,113.812693722,226.727720337,449.138563264,0.2475,0.535
neutral,hard-sigma0.5-seed4,120,120,TrialState.SUCCESSFUL|SHUT_DOWN,1.001471758,hard,0.26,0.5,neutral,0.0,4,1,83.37516068,0.882372779,114.116711957,1034,0.395493911,108.753559393,192.009493874,529.319526996,0.24,0.6075
neutral,medium-sigma0.01-seed0,81,81,TrialState.SUCCESSFUL|SHUT_DOWN,1.002178431,medium,0.16,0.01,neutral,0.0,0,1,80.515145685,0.17563017,81.227805662,1183,0.475221078,81.088984863,83.323099206,86.947123926,0.0,0.4475
neutral,medium-sigma0.01-seed1,82,82,TrialState.SUCCESSFUL|SHUT_DOWN,1.002002954,medium,0.16,0.01,neutral,0.0,1,1,80.280396582,0.175866353,80.946790788,1191,0.492435023,81.021524666,83.414732216,88.811408443,0.0,0.5525
neutral,medium-sigma0.01-seed2,83,83,TrialState.SUCCESSFUL|SHUT_DOWN,1.002256393,medium,0.16,0.01,neutral,0.0,2,1,79.841720738,0.339849836,80.441261592,1185,0.490257858,80.581171454,82.979072178,86.032202483,0.0,0.6325
neutral,medium-sigma0.01-seed3,84,84,TrialState.SUCCESSFUL|SHUT_DOWN,1.00143075,medium,0.16,0.01,neutral,0.0,3,1,79.949559869,0.1576947,80.454723054,1191,0.453663884,80.521916057,82.570223432,87.742909364,0.0,0.48
neutral,medium-sigma0.01-seed4,85,85,TrialState.SUCCESSFUL|SHUT_DOWN,1.002052546,medium,0.16,0.01,neutral,0.0,4,1,80.159696002,0.105937423,80.882073247,1217,0.455457454,80.894930268,82.962158438,85.947138167,0.0,0.59
neutral,medium-sigma0.05-seed0,86,86,TrialState.SUCCESSFUL|SHUT_DOWN,1.001600981,medium,0.16,0.05,neutral,0.0,0,1,81.31315561,1.755595626,83.812251255,1183,0.502288397,83.915973296,95.302520495,110.962725963,0.0,0.4525
neutral,medium-sigma0.05-seed1,87,87,TrialState.SUCCESSFUL|SHUT_DOWN,1.002257586,medium,0.16,0.05,neutral,0.0,1,1,80.457600622,0.450391385,83.556288987,1191,0.503098248,83.72212122,94.069858431,115.286458531,0.0,0.62
neutral,medium-sigma0.05-seed2,88,88,TrialState.SUCCESSFUL|SHUT_DOWN,1.002437353,medium,0.16,0.05,neutral,0.0,2,1,80.186317834,0.339849836,82.783814196,1185,0.469873781,83.392685008,93.820581092,124.968485697,0.0025,0.545
neutral,medium-sigma0.05-seed3,89,89,TrialState.SUCCESSFUL|SHUT_DOWN,1.001685858,medium,0.16,0.05,neutral,0.0,3,1,80.430462578,1.355945077,81.765439166,1191,0.462978049,82.637432167,92.207259938,110.428675311,0.0,0.45
neutral,medium-sigma0.05-seed4,90,90,TrialState.SUCCESSFUL|SHUT_DOWN,1.002351999,medium,0.16,0.05,neutral,0.0,4,1,80.876710979,1.644426724,83.051213925,1217,0.460938644,82.972644817,91.211291562,107.679022681,0.0,0.41
neutral,medium-sigma0.1-seed0,91,91,TrialState.SUCCESSFUL|SHUT_DOWN,1.002415419,medium,0.16,0.1,neutral,0.0,0,1,81.898904936,2.235908106,86.206662743,1183,0.476414123,85.243503562,99.66562109,128.825896658,0.01,0.3825
neutral,medium-sigma0.1-seed1,92,92,TrialState.SUCCESSFUL|SHUT_DOWN,1.001917601,medium,0.16,0.1,neutral,0.0,1,1,81.478679065,1.02863966,86.310079041,1191,0.497935098,86.090022817,101.770099442,140.375406071,0.01,0.5225
neutral,medium-sigma0.1-seed2,93,93,TrialState.SUCCESSFUL|SHUT_DOWN,1.002444744,medium,0.16,0.1,neutral,0.0,2,1,80.290822261,0.339849836,85.330172972,1185,0.474025409,86.079903105,106.019607224,144.052686628,0.01,0.5775
neutral,medium-sigma0.1-seed3,94,94,TrialState.SUCCESSFUL|SHUT_DOWN,1.002179623,medium,0.16,0.1,neutral,0.0,3,1,80.748762325,1.9147827,82.933893146,1191,0.461078569,84.036275364,98.23756536,126.416600921,0.0075,0.3875
neutral,medium-sigma0.1-seed4,95,95,TrialState.SUCCESSFUL|SHUT_DOWN,1.00194931,medium,0.16,0.1,neutral,0.0,4,1,81.183787476,1.829940054,85.087602949,1217,0.465452826,84.913394151,101.503151661,124.180206641,0.005,0.4175
neutral,medium-sigma0.5-seed0,96,96,TrialState.SUCCESSFUL|SHUT_DOWN,1.001803875,medium,0.16,0.5,neutral,0.0,0,1,85.173976939,3.281095355,101.084525856,1183,0.473066847,96.489136379,147.808190278,443.134445685,0.1125,0.34
neutral,medium-sigma0.5-seed1,97,97,TrialState.SUCCESSFUL|SHUT_DOWN,1.001645088,medium,0.16,0.5,neutral,0.0,1,1,85.994255559,2.12642395,102.407214291,1191,0.50452795,106.121158232,187.540269471,395.387534682,0.2,0.4075
neutral,medium-sigma0.5-seed2,98,98,TrialState.SUCCESSFUL|SHUT_DOWN,1.001656532,medium,0.16,0.5,neutral,0.0,2,1,87.688380843,3.415083193,99.873971417,1185,0.472415325,101.992647344,172.415182696,328.075285543,0.1625,0.3525
neutral,medium-sigma0.5-seed3,99,99,TrialState.SUCCESSFUL|SHUT_DOWN,1.002421141,medium,0.16,0.5,neutral,0.0,3,1,82.844237665,3.602724769,88.85904366,1191,0.467051657,95.214837271,151.059762157,406.379150949,0.1325,0.3175
neutral,medium-sigma0.5-seed4,100,100,TrialState.SUCCESSFUL|SHUT_DOWN,1.00151062,medium,0.16,0.5,neutral,0.0,4,1,84.614840857,2.751752678,99.572245674,1217,0.460728416,96.967127353,159.299992503,311.624792311,0.125,0.2775
rrtstar,easy-sigma0.01-seed0,1,1,TrialState.SUCCESSFUL|SHUT_DOWN,1.001248121,easy,0.08,0.01,rrtstar,,0,1,80.466029468,0.608265354,80.466029468,1315,0.172089885,80.884315577,82.601684411,88.119617534,0.0,0.38
rrtstar,easy-sigma0.01-seed1,2,2,TrialState.SUCCESSFUL|SHUT_DOWN,1.001124859,easy,0.08,0.01,rrtstar,,1,1,79.637124982,0.651163781,79.637124982,1312,0.17679058,80.119517361,82.257029377,85.409158833,0.0,0.4725
rrtstar,easy-sigma0.01-seed2,3,3,TrialState.SUCCESSFUL|SHUT_DOWN,1.001288176,easy,0.08,0.01,rrtstar,,2,1,79.523373633,0.046110386,79.523373633,1285,0.161240328,80.24451819,82.608442607,87.134498138,0.0,0.5775
rrtstar,easy-sigma0.01-seed3,4,4,TrialState.SUCCESSFUL|SHUT_DOWN,1.000810862,easy,0.08,0.01,rrtstar,,3,1,79.859903332,0.345933606,79.859903332,1313,0.174503086,80.311231901,82.375485186,87.747048183,0.0,0.4325
rrtstar,easy-sigma0.01-seed4,5,5,TrialState.SUCCESSFUL|SHUT_DOWN,1.000870228,easy,0.08,0.01,rrtstar,,4,1,79.784236011,1.232808834,79.784236011,1298,0.169220051,80.069417122,81.529980916,85.378132702,0.0,0.235
rrtstar,easy-sigma0.05-seed0,6,6,TrialState.SUCCESSFUL|SHUT_DOWN,1.00107646,easy,0.08,0.05,rrtstar,,0,1,80.466029468,0.608265354,80.466029468,1315,0.168872984,82.557460011,91.144304182,118.733969795,0.0,0.38
rrtstar,easy-sigma0.05-seed1,7,7,TrialState.SUCCESSFUL|SHUT_DOWN,1.001050949,easy,0.08,0.05,rrtstar,,1,1,79.637124982,0.651163781,79.637124982,1312,0.172312295,82.049086874,92.736646955,108.497294234,0.0,0.4725
rrtstar,easy-sigma0.05-seed2,8,8,TrialState.SUCCESSFUL|SHUT_DOWN,1.000782967,easy,0.08,0.05,rrtstar,,2,1,79.523373633,0.046110386,79.523373633,1285,0.161097989,83.129096417,94.948718502,117.578996156,0.0,0.5775
rrtstar,easy-sigma0.05-seed3,9,9,TrialState.SUCCESSFUL|SHUT_DOWN,1.001025915,easy,0.08,0.05,rrtstar,,3,1,79.859903332,0.345933606,79.859903332,1313,0.175810547,82.116546178,92.437812603,119.295627587,0.0025,0.4325
rrtstar,easy-sigma0.05-seed4,10,10,TrialState.SUCCESSFUL|SHUT_DOWN,1.000934601,easy,0.08,0.05,rrtstar,,4,1,79.784236011,1.232808834,79.784236011,1298,0.171190515,81.210141568,88.512960536,107.753719464,0.0,0.235
rrtstar,easy-sigma0.1-seed0,11,11,TrialState.SUCCESSFUL|SHUT_DOWN,1.001077652,easy,0.08,0.1,rrtstar,,0,1,80.466029468,0.608265354,80.466029468,1315,0.168119961,84.648890554,101.822578896,157.001910121,0.0125,0.38
rrtstar,easy-sigma0.1-seed1,12,12,TrialState.SUCCESSFUL|SHUT_DOWN,1.000983715,easy,0.08,0.1,rrtstar,,1,1,79.637124982,0.651163781,79.637124982,1312,0.172241421,84.461048765,105.836168928,137.357463485,0.015,0.4725
rrtstar,easy-sigma0.1-seed2,13,13,TrialState.SUCCESSFUL|SHUT_DOWN,1.000949621,easy,0.08,0.1,rrtstar,,2,1,79.523373633,0.046110386,79.523373633,1285,0.158827397,86.7348192,110.374063371,155.634618679,0.025,0.5775
rrtstar,easy-sigma0.1-seed3,14,14,TrialState.SUCCESSFUL|SHUT_DOWN,1.001310825,easy,0.08,0.1,rrtstar,,3,1,79.859903332,0.345933606,79.859903332,1313,0.182542521,84.373189023,105.015721874,158.731351842,0.01,0.4325
rrtstar,easy-sigma0.1-seed4,15,15,TrialState.SUCCESSFUL|SHUT_DOWN,1.001235247,easy,0.08,0.1,rrtstar,,4,1,79.784236011,1.232808834,79.784236011,1298,0.168533112,82.636047125,97.24168506,135.723202917,0.0075,0.235
rrtstar,easy-sigma0.5-seed0,16,16,TrialState.SUCCESSFUL|SHUT_DOWN,1.00105691,easy,0.08,0.5,rrtstar,,0,1,80.466029468,0.608265354,80.466029468,1315,0.168440337,101.674163252,187.293892104,468.500697728,0.18,0.38
rrtstar,easy-sigma0.5-seed1,17,17,TrialState.SUCCESSFUL|SHUT_DOWN,1.001627445,easy,0.08,0.5,rrtstar,,1,1,79.637124982,0.651163781,79.637124982,1312,0.174634293,104.092069739,210.632344708,371.567407593,0.2225,0.4725
rrtstar,easy-sigma0.5-seed2,18,18,TrialState.SUCCESSFUL|SHUT_DOWN,1.001055479,easy,0.08,0.5,rrtstar,,2,1,79.523373633,0.046110386,79.523373633,1285,0.163949699,115.940791124,233.776822324,460.07959886,0.305,0.5775
rrtstar,easy-sigma0.5-seed3,19,19,TrialState.SUCCESSFUL|SHUT_DOWN,1.001354456,easy,0.08,0.5,rrtstar,,3,1,79.859903332,0.345933606,79.859903332,1313,0.173937908,102.719229124,205.638996041,474.217145885,0.1975,0.4325
rrtstar,easy-sigma0.5-seed4,20,20,TrialState.SUCCESSFUL|SHUT_DOWN,1.000918627,easy,0.08,0.5,rrtstar,,4,1,79.784236011,1.232808834,79.784236011,1298,0.173219911,94.42976791,167.071481258,359.479070542,0.135,0.235
rrtstar,hard-sigma0.01-seed0,41,41,TrialState.SUCCESSFUL|SHUT_DOWN,1.001041174,hard,0.26,0.01,rrtstar,,0,1,80.261283369,0.003668332,80.261283369,1063,0.172615869,81.10344009,83.817838772,88.988631782,0.0,0.5825
rrtstar,hard-sigma0.01-seed1,42,42,TrialState.SUCCESSFUL|SHUT_DOWN,1.001254797,hard,0.26,0.01,rrtstar,,1,1,81.739395226,0.344720257,81.739395226,1067,0.175250198,82.802004996,85.443710708,90.588058544,0.0,0.7075
rrtstar,hard-sigma0.01-seed2,43,43,TrialState.SUCCESSFUL|SHUT_DOWN,1.001725912,hard,0.26,0.01,rrtstar,,2,1,81.26833582,0.046601072,81.26833582,998,0.161422402,82.38517863,85.031902168,88.153313731,0.0,0.715
rrtstar,hard-sigma0.01-seed3,44,44,TrialState.SUCCESSFUL|SHUT_DOWN,1.001121521,hard,0.26,0.01,rrtstar,,3,1,80.225874535,0.089829929,80.225874535,1006,0.175025794,81.252156563,84.209510196,89.969432805,0.0,0.69
rrtstar,hard-sigma0.01-seed4,45,45,TrialState.SUCCESSFUL|SHUT_DOWN,1.000997066,hard,0.26,0.01,rrtstar,,4,1,80.521828887,0.032176712,80.521828887,1034,0.165422062,81.502579268,83.962634273,87.733195883,0.0,0.715
rrtstar,hard-sigma0.05-seed0,46,46,TrialState.SUCCESSFUL|SHUT_DOWN,1.000940084,hard,0.26,0.05,rrtstar,,0,1,80.261283369,0.003668332,80.261283369,1063,0.176204121,84.472066975,98.044060383,123.898025432,0.0075,0.5825
rrtstar,hard-sigma0.05-seed1,47,47,TrialState.SUCCESSFUL|SHUT_DOWN,1.001374483,hard,0.26,0.05,rrtstar,,1,1,81.739395226,0.344720257,81.739395226,1067,0.175972463,87.052444076,100.260972636,125.982711816,0.0025,0.7075
rrtstar,hard-sigma0.05-seed2,48,48,TrialState.SUCCESSFUL|SHUT_DOWN,1.000973701,hard,0.26,0.05,rrtstar,,2,1,81.26833582,0.046601072,81.26833582,998,0.162707261,86.85254987,100.086167557,115.693225376,0.0,0.715
rrtstar,hard-sigma0.05-seed3,49,49,TrialState.SUCCESSFUL|SHUT_DOWN,1.00120306,hard,0.26,0.05,rrtstar,,3,1,80.225874535,0.089829929,80.225874535,1006,0.176740646,85.357284675,100.144052841,128.943665885,0.0025,0.69
rrtstar,hard-sigma0.05-seed4,50,50,TrialState.SUCCESSFUL|SHUT_DOWN,1.001776934,hard,0.26,0.05,rrtstar,,4,1,80.521828887,0.032176712,80.521828887,1034,0.160048525,85.425580791,97.72585582,116.57866387,0.0,0.715
rrtstar,hard-sigma0.1-seed0,51,51,TrialState.SUCCESSFUL|SHUT_DOWN,1.000874043,hard,0.26,0.1,rrtstar,,0,1,80.261283369,0.003668332,80.261283369,1063,0.165735735,88.682850582,115.826837398,167.534767495,0.0375,0.5825
rrtstar,hard-sigma0.1-seed1,52,52,TrialState.SUCCESSFUL|SHUT_DOWN,1.001006126,hard,0.26,0.1,rrtstar,,1,1,81.739395226,0.344720257,81.739395226,1067,0.18007627,92.365492927,118.782550047,170.226028407,0.05,0.7075
rrtstar,hard-sigma0.1-seed2,53,53,TrialState.SUCCESSFUL|SHUT_DOWN,1.001278877,hard,0.26,0.1,rrtstar,,2,1,81.26833582,0.046601072,81.26833582,998,0.162791159,92.436763919,118.903999294,150.118114933,0.0525,0.715
rrtstar,hard-sigma0.1-seed3,54,54,TrialState.SUCCESSFUL|SHUT_DOWN,1.000933647,hard,0.26,0.1,rrtstar,,3,1,80.225874535,0.089829929,80.225874535,1006,0.175776743,90.488694815,120.062231146,177.661457235,0.0525,0.69
rrtstar,hard-sigma0.1-seed4,55,55,TrialState.SUCCESSFUL|SHUT_DOWN,1.000906229,hard,0.26,0.1,rrtstar,,4,1,80.521828887,0.032176712,80.521828887,1034,0.159947775,90.329332696,114.929882753,152.635498853,0.0375,0.715
rrtstar,hard-sigma0.5-seed0,56,56,TrialState.SUCCESSFUL|SHUT_DOWN,1.00096488,hard,0.26,0.5,rrtstar,,0,1,80.261283369,0.003668332,80.261283369,1063,0.168925343,122.64625358,258.089053514,516.628703997,0.315,0.5825
rrtstar,hard-sigma0.5-seed1,57,57,TrialState.SUCCESSFUL|SHUT_DOWN,1.001661539,hard,0.26,0.5,rrtstar,,1,1,81.739395226,0.344720257,81.739395226,1067,0.171620227,135.229121454,267.219258447,524.172561133,0.465,0.7075
rrtstar,hard-sigma0.5-seed2,58,58,TrialState.SUCCESSFUL|SHUT_DOWN,1.001074076,hard,0.26,0.5,rrtstar,,2,1,81.26833582,0.046601072,81.26833582,998,0.162443552,137.436729489,270.942372126,425.517231383,0.4725,0.715
rrtstar,hard-sigma0.5-seed3,59,59,TrialState.SUCCESSFUL|SHUT_DOWN,1.001433372,hard,0.26,0.5,rrtstar,,3,1,80.225874535,0.089829929,80.225874535,1006,0.172902681,131.844335817,279.789968007,567.403788032,0.4225,0.69
rrtstar,hard-sigma0.5-seed4,60,60,TrialState.SUCCESSFUL|SHUT_DOWN,1.000844717,hard,0.26,0.5,rrtstar,,4,1,80.521828887,0.032176712,80.521828887,1034,0.15854805,129.903674756,253.510915374,441.090178719,0.4375,0.715
rrtstar,medium-sigma0.01-seed0,21,21,TrialState.SUCCESSFUL|SHUT_DOWN,1.001074791,medium,0.16,0.01,rrtstar,,0,1,80.562531391,0.17563017,80.562531391,1183,0.167730736,81.179379929,83.300986962,87.878574695,0.0,0.4875
rrtstar,medium-sigma0.01-seed1,22,22,TrialState.SUCCESSFUL|SHUT_DOWN,1.001340151,medium,0.16,0.01,rrtstar,,1,1,80.278383835,0.175866353,80.278383835,1191,0.178036153,81.050547724,83.523138576,88.852476877,0.0,0.565
rrtstar,medium-sigma0.01-seed2,23,23,TrialState.SUCCESSFUL|SHUT_DOWN,1.001080036,medium,0.16,0.01,rrtstar,,2,1,79.799147717,0.339849836,79.799147717,1185,0.174794767,80.63170177,83.201070078,88.264356025,0.0,0.5725
rrtstar,medium-sigma0.01-seed3,24,24,TrialState.SUCCESSFUL|SHUT_DOWN,1.001067638,medium,0.16,0.01,rrtstar,,3,1,79.960958038,0.1576947,79.960958038,1191,0.178468911,80.519149453,82.569852477,88.017548778,0.0,0.485
rrtstar,medium-sigma0.01-seed4,25,25,TrialState.SUCCESSFUL|SHUT_DOWN,1.001058817,medium,0.16,0.01,rrtstar,,4,1,80.157603514,0.105937423,80.157603514,1217,0.183117918,80.874468731,83.609865316,86.41353597,0.0,0.54
rrtstar,medium-sigma0.05-seed0,26,26,TrialState.SUCCESSFUL|SHUT_DOWN,1.000813961,medium,0.16,0.05,rrtstar,,0,1,80.562531391,0.17563017,80.562531391,1183,0.189309401,83.646774083,94.254809248,117.142747912,0.0,0.4875
rrtstar,medium-sigma0.05-seed1,27,27,TrialState.SUCCESSFUL|SHUT_DOWN,1.001092911,medium,0.16,0.05,rrtstar,,1,1,80.278383835,0.175866353,80.278383835,1191,0.179387418,84.139203279,96.502157542,123.148849048,0.005,0.565
rrtstar,medium-sigma0.05-seed2,28,28,TrialState.SUCCESSFUL|SHUT_DOWN,1.002055883,medium,0.16,0.05,rrtstar,,2,1,79.799147717,0.339849836,79.799147717,1185,0.171323827,83.961917983,96.80875952,122.125189256,0.0025,0.5725
rrtstar,medium-sigma0.05-seed3,29,29,TrialState.SUCCESSFUL|SHUT_DOWN,1.001269817,medium,0.16,0.05,rrtstar,,3,1,79.960958038,0.1576947,79.960958038,1191,0.178511953,82.75191511,93.005430234,120.243911737,0.0025,0.485
rrtstar,medium-sigma0.05-seed4,30,30,TrialState.SUCCESSFUL|SHUT_DOWN,1.000897169,medium,0.16,0.05,rrtstar,,4,1,80.157603514,0.105937423,80.157603514,1217,0.171361528,83.7419296,97.418912524,111.437265795,0.0,0.54
rrtstar,medium-sigma0.1-seed0,31,31,TrialState.SUCCESSFUL|SHUT_DOWN,1.000786304,medium,0.16,0.1,rrtstar,,0,1,80.562531391,0.17563017,80.562531391,1183,0.168703724,86.731016775,107.947087105,153.722964434,0.0325,0.4875
rrtstar,medium-sigma0.1-seed1,32,32,TrialState.SUCCESSFUL|SHUT_DOWN,1.00099802,medium,0.16,0.1,rrtstar,,1,1,80.278383835,0.175866353,80.278383835,1191,0.181520649,88.000022723,112.72593125,166.019314261,0.0325,0.565
rrtstar,medium-sigma0.1-seed2,33,33,TrialState.SUCCESSFUL|SHUT_DOWN,1.001754045,medium,0.16,0.1,rrtstar,,2,1,79.799147717,0.339849836,79.799147717,1185,0.168477057,88.12468825,113.818371322,164.451230795,0.04,0.5725
rrtstar,medium-sigma0.1-seed3,34,34,TrialState.SUCCESSFUL|SHUT_DOWN,1.001315117,medium,0.16,0.1,rrtstar,,3,1,79.960958038,0.1576947,79.960958038,1191,0.171007539,85.542872182,106.04990243,160.526865436,0.02,0.485
rrtstar,medium-sigma0.1-seed4,35,35,TrialState.SUCCESSFUL|SHUT_DOWN,1.000946045,medium,0.16,0.1,rrtstar,,4,1,80.157603514,0.105937423,80.157603514,1217,0.16842096,87.326255686,114.680221533,142.716928075,0.0225,0.54
rrtstar,medium-sigma0.5-seed0,36,36,TrialState.SUCCESSFUL|SHUT_DOWN,1.000963688,medium,0.16,0.5,rrtstar,,0,1,80.562531391,0.17563017,80.562531391,1183,0.169913952,111.694251956,217.485309959,446.364696604,0.28,0.4875
rrtstar,medium-sigma0.5-seed1,37,37,TrialState.SUCCESSFUL|SHUT_DOWN,1.000922441,medium,0.16,0.5,rrtstar,,1,1,80.278383835,0.175866353,80.278383835,1191,0.17531994,119.255745261,242.581545537,508.983035967,0.3425,0.565
rrtstar,medium-sigma0.5-seed2,38,38,TrialState.SUCCESSFUL|SHUT_DOWN,1.001076221,medium,0.16,0.5,rrtstar,,2,1,79.799147717,0.339849836,79.799147717,1185,0.169249907,121.736968434,250.543841852,503.059563104,0.355,0.5725
rrtstar,medium-sigma0.5-seed3,39,39,TrialState.SUCCESSFUL|SHUT_DOWN,1.001070261,medium,0.16,0.5,rrtstar,,3,1,79.960958038,0.1576947,79.960958038,1191,0.169382769,108.16345574,210.529401355,482.790495028,0.23,0.485
rrtstar,medium-sigma0.5-seed4,40,40,TrialState.SUCCESSFUL|SHUT_DOWN,1.001170874,medium,0.16,0.5,rrtstar,,4,1,80.157603514,0.105937423,80.157603514,1217,0.170202117,116.358112149,253.130045556,392.954226319,0.295,0.54
