design,environment,experiment_id,trial_id,state,wall_seconds,allocation,required_margin,sigma,seed,feasible,stop,mip_status,nodes,mip_gap,dual_bound,solve_wall,effort,dense_margin,planned_rho_AGR_1,planned_rho_AGR_2,planned_rho_AGR_3,executed_rho_AGR_1,executed_rho_AGR_2,executed_rho_AGR_3,min_rho,violations,binding_AGR_1,binding_AGR_2,binding_AGR_3
alloc012-m0.15,sigma0.06-seed0,1,1,TrialState.SUCCESSFUL|SHUT_DOWN,44.108367443,0-1-2,0.15,0.06,0,1,optimal,0,5691,0.049958693,3.252126912,43.279260914,3.423142644,0.000384615,0.15,0.15,0.15,-0.086958987,-0.086958987,0.027041778,-0.086958987,2,"sep(1,2)@k=8","sep(1,2)@k=8",OBS_WALL_SOUTH@k=6
alloc012-m0.15,sigma0.06-seed1,2,2,TrialState.SUCCESSFUL|SHUT_DOWN,43.609973192,0-1-2,0.15,0.06,1,1,optimal,0,5691,0.049958693,3.252126912,43.148848565,3.423142644,0.000384615,0.15,0.15,0.15,0.078960278,0.002288582,0.002288582,0.002288582,0,OBS_WALL_NORTH@k=8,"sep(2,3)@k=13","sep(2,3)@k=13"
alloc012-m0.15,sigma0.06-seed2,3,3,TrialState.SUCCESSFUL|SHUT_DOWN,43.605208874,0-1-2,0.15,0.06,2,1,optimal,0,5691,0.049958693,3.252126912,43.225835314,3.423142644,0.000384615,0.15,0.15,0.15,-0.03653456,-0.03653456,0.018832373,-0.03653456,2,"sep(1,2)@k=8","sep(1,2)@k=8",OBS_WALL_SOUTH@k=6
alloc012-m0.15,sigma0.09-seed0,4,4,TrialState.SUCCESSFUL|SHUT_DOWN,44.108748436,0-1-2,0.15,0.09,0,1,optimal,0,5691,0.049958693,3.252126912,43.270699684,3.423142644,0.000384615,0.15,0.15,0.15,-0.12220232,-0.12220232,-0.034437332,-0.12220232,3,"sep(1,2)@k=8","sep(1,2)@k=8",OBS_WALL_SOUTH@k=6
alloc012-m0.15,sigma0.09-seed1,5,5,TrialState.SUCCESSFUL|SHUT_DOWN,43.604050398,0-1-2,0.15,0.09,1,1,optimal,0,5691,0.049958693,3.252126912,42.958461785,3.423142644,0.000384615,0.15,0.15,0.15,0.043440417,-0.071567128,-0.071567128,-0.071567128,2,OBS_WALL_NORTH@k=8,"sep(2,3)@k=13","sep(2,3)@k=13"
alloc012-m0.15,sigma0.09-seed2,6,6,TrialState.SUCCESSFUL|SHUT_DOWN,43.604115963,0-1-2,0.15,0.09,2,1,optimal,0,5691,0.049958693,3.252126912,42.929333605,3.423142644,0.000384615,0.15,0.15,0.15,-0.15480184,-0.15480184,-0.04675144,-0.15480184,3,"sep(1,2)@k=8","sep(1,2)@k=8",OBS_WALL_SOUTH@k=6
alloc012-m0.15,sigma0.12-seed0,7,7,TrialState.SUCCESSFUL|SHUT_DOWN,43.608227968,0-1-2,0.15,0.12,0,1,optimal,0,5691,0.049958693,3.252126912,43.150890078,3.423142644,0.000384615,0.15,0.15,0.15,-0.145489447,-0.145489447,-0.095916443,-0.145489447,3,"sep(1,2)@k=7","sep(1,2)@k=7",OBS_WALL_SOUTH@k=6
alloc012-m0.15,sigma0.12-seed1,8,8,TrialState.SUCCESSFUL|SHUT_DOWN,43.603977203,0-1-2,0.15,0.12,1,1,optimal,0,5691,0.049958693,3.252126912,43.156222737,3.423142644,0.000384615,0.15,0.15,0.15,0.007920556,-0.145422837,-0.145422837,-0.145422837,2,OBS_WALL_NORTH@k=8,"sep(2,3)@k=13","sep(2,3)@k=13"
alloc012-m0.15,sigma0.12-seed2,9,9,TrialState.SUCCESSFUL|SHUT_DOWN,43.608012676,0-1-2,0.15,0.12,2,1,optimal,0,5691,0.049958693,3.252126912,42.906598663,3.423142644,0.000384615,0.15,0.15,0.15,-0.088669753,-0.088669753,-0.112335254,-0.112335254,3,"sep(1,2)@k=7","sep(1,2)@k=7",OBS_WALL_SOUTH@k=6
alloc012-m0.35,sigma0.06-seed0,10,10,TrialState.SUCCESSFUL|SHUT_DOWN,51.625177383,0-1-2,0.35,0.06,0,1,node limit,4,8000,0.594518614,3.692636566,50.750070445,9.106796736,0.2275,0.35,0.35,0.35,0.094056051,0.094056051,0.187726059,0.094056051,0,"sep(1,2)@k=8","sep(1,2)@k=8","sep(2,3)@k=11"
alloc012-m0.35,sigma0.06-seed1,11,11,TrialState.SUCCESSFUL|SHUT_DOWN,51.632092237,0-1-2,0.35,0.06,1,1,node limit,4,8000,0.594518614,3.692636566,50.930740736,9.106796736,0.2275,0.35,0.35,0.35,0.282924021,0.250960546,0.291624932,0.250960546,0,OBS_WALL_NORTH@k=6,ST_S2@k=14,"sep(2,3)@k=11"
alloc012-m0.35,sigma0.06-seed2,12,12,TrialState.SUCCESSFUL|SHUT_DOWN,51.6296947,0-1-2,0.35,0.06,2,1,node limit,4,8000,0.594518614,3.692636566,50.950543632,9.106796736,0.2275,0.35,0.35,0.35,0.144480477,0.144480477,0.218587915,0.144480477,0,"sep(1,2)@k=8","sep(1,2)@k=8","sep(2,3)@k=12"
alloc012-m0.35,sigma0.09-seed0,13,13,TrialState.SUCCESSFUL|SHUT_DOWN,51.126641035,0-1-2,0.35,0.09,0,1,node limit,4,8000,0.594518614,3.692636566,50.716969161,9.106796736,0.2275,0.35,0.35,0.35,0.065628434,0.065628434,0.099334117,0.065628434,0,"sep(1,2)@k=8","sep(1,2)@k=8","sep(2,3)@k=11"
alloc012-m0.35,sigma0.09-seed1,14,14,TrialState.SUCCESSFUL|SHUT_DOWN,51.1238873,0-1-2,0.35,0.09,1,1,node limit,4,8000,0.594518614,3.692636566,50.399938811,9.106796736,0.2275,0.35,0.35,0.35,0.249386032,0.201440819,0.255182426,0.201440819,0,OBS_WALL_NORTH@k=6,ST_S2@k=14,"sep(2,3)@k=11"
alloc012-m0.35,sigma0.09-seed2,15,15,TrialState.SUCCESSFUL|SHUT_DOWN,51.123980522,0-1-2,0.35,0.09,2,1,node limit,4,8000,0.594518614,3.692636566,50.709361794,9.106796736,0.2275,0.35,0.35,0.35,0.026213197,0.026213197,0.15324856,0.026213197,0,"sep(1,2)@k=8","sep(1,2)@k=8",OBS_WALL_SOUTH@k=6
alloc012-m0.35,sigma0.12-seed0,16,16,TrialState.SUCCESSFUL|SHUT_DOWN,51.123338938,0-1-2,0.35,0.12,0,1,node limit,4,8000,0.594518614,3.692636566,50.622235012,9.106796736,0.2275,0.35,0.35,0.35,0.225479123,0.007532941,-0.00921414,-0.00921414,1,"sep(1,2)@k=8",ST_C1@k=9,ST_C2@k=14
alloc012-m0.35,sigma0.12-seed1,17,17,TrialState.SUCCESSFUL|SHUT_DOWN,51.632733345,0-1-2,0.35,0.12,1,1,node limit,4,8000,0.594518614,3.692636566,51.06101323,9.106796736,0.2275,0.35,0.35,0.35,0.215848042,0.151921092,0.218739919,0.151921092,0,OBS_WALL_NORTH@k=6,ST_S2@k=14,"sep(2,3)@k=11"
alloc012-m0.35,sigma0.12-seed2,18,18,TrialState.SUCCESSFUL|SHUT_DOWN,51.631756067,0-1-2,0.35,0.12,2,1,node limit,4,8000,0.594518614,3.692636566,50.769957199,9.106796736,0.2275,0.35,0.35,0.35,-0.092054083,-0.092054083,0.087664746,-0.092054083,2,"sep(1,2)@k=8","sep(1,2)@k=8",OBS_WALL_SOUTH@k=6
alloc012-m0.45,sigma0.06-seed0,19,19,TrialState.SUCCESSFUL|SHUT_DOWN,62.153083086,0-1-2,0.45,0.06,0,1,node limit,4,8000,0.460036089,4.762630243,61.280252835,8.820275102,0.201944914,0.45,0.45,0.45,0.258353922,0.224393502,0.261765269,0.224393502,0,OBS_WALL_NORTH@k=9,OBS_WALL_MID@k=8,OBS_PILLAR@k=14
alloc012-m0.45,sigma0.06-seed1,20,20,TrialState.SUCCESSFUL|SHUT_DOWN,62.160567522,0-1-2,0.45,0.06,1,1,node limit,4,8000,0.460036089,4.762630243,61.371155059,8.820275102,0.201944914,0.45,0.45,0.45,0.332408382,0.333266351,0.382039062,0.332408382,0,ST_N2@k=15,ST_S2@k=16,"sep(2,3)@k=13"
alloc012-m0.45,sigma0.06-seed2,21,21,TrialState.SUCCESSFUL|SHUT_DOWN,61.158043861,0-1-2,0.45,0.06,2,1,node limit,4,8000,0.460036089,4.762630243,60.571012366,8.820275102,0.201944914,0.45,0.45,0.45,0.318435374,0.275847199,0.318832373,0.275847199,0,ST_N1@k=10,OBS_WALL_MID@k=9,OBS_WALL_SOUTH@k=6
alloc012-m0.45,sigma0.09-seed0,22,22,TrialState.SUCCESSFUL|SHUT_DOWN,61.659416914,0-1-2,0.45,0.09,0,1,node limit,4,8000,0.460036089,4.762630243,61.07321755,8.820275102,0.201944914,0.45,0.45,0.45,0.257071455,0.111590253,0.164938008,0.111590253,0,ST_N1@k=10,OBS_WALL_MID@k=8,OBS_PILLAR@k=14
alloc012-m0.45,sigma0.09-seed1,23,23,TrialState.SUCCESSFUL|SHUT_DOWN,61.64543128,0-1-2,0.45,0.09,1,1,node limit,4,8000,0.460036089,4.762630243,60.851184376,8.820275102,0.201944914,0.45,0.45,0.45,0.343440417,0.274899526,0.308183353,0.274899526,0,OBS_WALL_NORTH@k=8,ST_S2@k=16,"sep(2,3)@k=13"
alloc012-m0.45,sigma0.09-seed2,24,24,TrialState.SUCCESSFUL|SHUT_DOWN,61.65823102,0-1-2,0.45,0.09,2,1,node limit,4,8000,0.460036089,4.762630243,61.116090367,8.820275102,0.201944914,0.45,0.45,0.45,0.252653062,0.188770799,0.25324856,0.188770799,0,ST_N1@k=10,OBS_WALL_MID@k=9,OBS_WALL_SOUTH@k=6
alloc012-m0.45,sigma0.12-seed0,25,25,TrialState.SUCCESSFUL|SHUT_DOWN,62.148607254,0-1-2,0.45,0.12,0,1,node limit,4,8000,0.460036089,4.762630243,61.427371233,8.820275102,0.201944914,0.45,0.45,0.45,0.19276194,0.140692882,0.138543187,0.138543187,0,ST_N1@k=10,OBS_WALL_MID@k=8,OBS_PILLAR@k=14
alloc012-m0.45,sigma0.12-seed1,26,26,TrialState.SUCCESSFUL|SHUT_DOWN,62.147365093,0-1-2,0.45,0.12,1,1,node limit,4,8000,0.460036089,4.762630243,61.541883757,8.820275102,0.201944914,0.45,0.45,0.45,0.307920556,0.216532701,0.234327644,0.216532701,0,OBS_WALL_NORTH@k=8,ST_S2@k=16,"sep(2,3)@k=13"
alloc012-m0.45,sigma0.12-seed2,27,27,TrialState.SUCCESSFUL|SHUT_DOWN,62.149285316,0-1-2,0.45,0.12,2,1,node limit,4,8000,0.460036089,4.762630243,61.442852502,8.820275102,0.201944914,0.45,0.45,0.45,0.186870749,0.101694399,0.187664746,0.101694399,0,ST_N1@k=10,OBS_WALL_MID@k=9,OBS_WALL_SOUTH@k=6
alloc012-m0.5,sigma0.06-seed0,28,28,TrialState.SUCCESSFUL|SHUT_DOWN,1.001470566,0-1-2,0.5,0.06,0,0,infeasible,2,,,,0.01238674,,,,,,,,,,,,,
alloc012-m0.5,sigma0.06-seed1,29,29,TrialState.SUCCESSFUL|SHUT_DOWN,1.002096653,0-1-2,0.5,0.06,1,0,infeasible,2,,,,0.013557283,,,,,,,,,,,,,
alloc012-m0.5,sigma0.06-seed2,30,30,TrialState.SUCCESSFUL|SHUT_DOWN,1.001834631,0-1-2,0.5,0.06,2,0,infeasible,2,,,,0.011431976,,,,,,,,,,,,,
alloc012-m0.5,sigma0.09-seed0,31,31,TrialState.SUCCESSFUL|SHUT_DOWN,1.002335548,0-1-2,0.5,0.09,0,0,infeasible,2,,,,0.0115771,,,,,,,,,,,,,
alloc012-m0.5,sigma0.09-seed1,32,32,TrialState.SUCCESSFUL|SHUT_DOWN,1.002543211,0-1-2,0.5,0.09,1,0,infeasible,2,,,,0.01184689,,,,,,,,,,,,,
alloc012-m0.5,sigma0.09-seed2,33,33,TrialState.SUCCESSFUL|SHUT_DOWN,1.002248526,0-1-2,0.5,0.09,2,0,infeasible,2,,,,0.011627796,,,,,,,,,,,,,
alloc012-m0.5,sigma0.12-seed0,34,34,TrialState.SUCCESSFUL|SHUT_DOWN,1.002391577,0-1-2,0.5,0.12,0,0,infeasible,2,,,,0.011665767,,,,,,,,,,,,,
alloc012-m0.5,sigma0.12-seed1,35,35,TrialState.SUCCESSFUL|SHUT_DOWN,1.002327919,0-1-2,0.5,0.12,1,0,infeasible,2,,,,0.011440833,,,,,,,,,,,,,
alloc012-m0.5,sigma0.12-seed2,36,36,TrialState.SUCCESSFUL|SHUT_DOWN,1.002261162,0-1-2,0.5,0.12,2,0,infeasible,2,,,,0.011939014,,,,,,,,,,,,,
alloc021-m0.15,sigma0.06-seed0,37,37,TrialState.SUCCESSFUL|SHUT_DOWN,38.591009855,0-2-1,0.15,0.06,0,1,optimal,0,6467,0.049757537,3.220626433,38.133221528,3.389268065,0.053947368,0.15,0.149997624,0.15,0.02138097,0.014985979,0.011740644,0.011740644,0,ST_N1@k=10,ST_S1@k=10,ST_S2@k=15
alloc021-m0.15,sigma0.06-seed1,38,38,TrialState.SUCCESSFUL|SHUT_DOWN,39.093910456,0-2-1,0.15,0.06,1,1,optimal,0,6467,0.049757537,3.220626433,38.556100149,3.389268065,0.053947368,0.15,0.149997624,0.15,0.078960278,0.002288582,0.002288582,0.002288582,0,OBS_WALL_NORTH@k=8,"sep(2,3)@k=13","sep(2,3)@k=13"
alloc021-m0.15,sigma0.06-seed2,39,39,TrialState.SUCCESSFUL|SHUT_DOWN,39.095960379,0-2-1,0.15,0.06,2,1,optimal,0,6467,0.049757537,3.220626433,38.650898795,3.389268065,0.053947368,0.15,0.149997624,0.15,0.018435374,0.051950473,0.051950473,0.018435374,0,ST_N1@k=10,"sep(2,3)@k=13","sep(2,3)@k=13"
alloc021-m0.15,sigma0.09-seed0,40,40,TrialState.SUCCESSFUL|SHUT_DOWN,39.094124794,0-2-1,0.15,0.09,0,1,optimal,0,6467,0.049757537,3.220626433,38.404303862,3.389268065,0.053947368,0.15,0.149997624,0.15,-0.042928545,-0.052521032,-0.057389034,-0.057389034,3,ST_N1@k=10,ST_S1@k=10,ST_S2@k=15
alloc021-m0.15,sigma0.09-seed1,41,41,TrialState.SUCCESSFUL|SHUT_DOWN,39.096705675,0-2-1,0.15,0.09,1,1,optimal,0,6467,0.049757537,3.220626433,38.66636728,3.389268065,0.053947368,0.15,0.149997624,0.15,0.043440417,-0.071567128,-0.071567128,-0.071567128,2,OBS_WALL_NORTH@k=8,"sep(2,3)@k=13","sep(2,3)@k=13"
alloc021-m0.15,sigma0.09-seed2,42,42,TrialState.SUCCESSFUL|SHUT_DOWN,39.095402718,0-2-1,0.15,0.09,2,1,optimal,0,6467,0.049757537,3.220626433,38.60296407,3.389268065,0.053947368,0.15,0.149997624,0.15,-0.047346938,0.002925709,0.002925709,-0.047346938,1,ST_N1@k=10,"sep(2,3)@k=13","sep(2,3)@k=13"
alloc021-m0.15,sigma0.12-seed0,43,43,TrialState.SUCCESSFUL|SHUT_DOWN,39.092494011,0-2-1,0.15,0.12,0,1,optimal,0,6467,0.049757537,3.220626433,38.33782502,3.389268065,0.053947368,0.15,0.149997624,0.15,-0.10723806,-0.120028043,-0.126518712,-0.126518712,3,ST_N1@k=10,ST_S1@k=10,ST_S2@k=15
alloc021-m0.15,sigma0.12-seed1,44,44,TrialState.SUCCESSFUL|SHUT_DOWN,39.604046106,0-2-1,0.15,0.12,1,1,optimal,0,6467,0.049757537,3.220626433,38.792108955,3.389268065,0.053947368,0.15,0.149997624,0.15,0.007920556,-0.145422837,-0.145422837,-0.145422837,2,OBS_WALL_NORTH@k=8,"sep(2,3)@k=13","sep(2,3)@k=13"
alloc021-m0.15,sigma0.12-seed2,45,45,TrialState.SUCCESSFUL|SHUT_DOWN,39.09348917,0-2-1,0.15,0.12,2,1,optimal,0,6467,0.049757537,3.220626433,38.64671624,3.389268065,0.053947368,0.15,0.149997624,0.15,-0.105030429,-0.046099054,-0.046099054,-0.105030429,3,ST_N1@k=9,"sep(2,3)@k=13","sep(2,3)@k=13"
alloc021-m0.35,sigma0.06-seed0,46,46,TrialState.SUCCESSFUL|SHUT_DOWN,59.644793749,0-2-1,0.35,0.06,0,1,node limit,4,8000,0.557569563,3.110106063,58.825746462,7.029593364,0.15,0.35,0.35,0.35,0.278019156,0.157719853,0.207937648,0.157719853,0,OBS_WALL_NORTH@k=8,OBS_WALL_MID@k=6,"sep(2,3)@k=11"
alloc021-m0.35,sigma0.06-seed1,47,47,TrialState.SUCCESSFUL|SHUT_DOWN,59.148225546,0-2-1,0.35,0.06,1,1,node limit,4,8000,0.557569563,3.110106063,58.737580542,7.029593364,0.15,0.35,0.35,0.35,0.306113814,0.287135917,0.302378267,0.287135917,0,OBS_WALL_NORTH@k=7,ST_C2@k=15,OBS_WALL_MID@k=5
alloc021-m0.35,sigma0.06-seed2,48,48,TrialState.SUCCESSFUL|SHUT_DOWN,59.656013966,0-2-1,0.35,0.06,2,1,node limit,4,8000,0.557569563,3.110106063,58.805880005,7.029593364,0.15,0.35,0.35,0.35,0.218435374,0.19349187,0.19349187,0.19349187,0,ST_N1@k=10,"sep(2,3)@k=11","sep(2,3)@k=11"
alloc021-m0.35,sigma0.09-seed0,49,49,TrialState.SUCCESSFUL|SHUT_DOWN,59.15165782,0-2-1,0.35,0.09,0,1,node limit,4,8000,0.557569563,3.110106063,58.730722962,7.029593364,0.15,0.35,0.35,0.35,0.3086954,0.06157978,0.152369106,0.06157978,0,OBS_WALL_NORTH@k=8,OBS_WALL_MID@k=6,ST_S2@k=16
alloc021-m0.35,sigma0.09-seed1,50,50,TrialState.SUCCESSFUL|SHUT_DOWN,64.683391809,0-2-1,0.35,0.09,1,1,node limit,4,8000,0.557569563,3.110106063,64.302923115,7.029593364,0.15,0.35,0.35,0.35,0.284170721,0.255703875,0.276136544,0.255703875,0,OBS_WALL_NORTH@k=7,ST_C2@k=15,OBS_WALL_MID@k=5
alloc021-m0.35,sigma0.09-seed2,51,51,TrialState.SUCCESSFUL|SHUT_DOWN,66.711328506,0-2-1,0.35,0.09,2,1,node limit,4,8000,0.557569563,3.110106063,66.005541156,7.029593364,0.15,0.35,0.35,0.35,0.152653062,0.115237805,0.115237805,0.115237805,0,ST_N1@k=10,"sep(2,3)@k=11","sep(2,3)@k=11"
alloc021-m0.35,sigma0.12-seed0,52,52,TrialState.SUCCESSFUL|SHUT_DOWN,66.215755463,0-2-1,0.35,0.12,0,1,node limit,4,8000,0.557569563,3.110106063,65.752689468,7.029593364,0.15,0.35,0.35,0.35,0.33399256,-0.034560294,0.066121771,-0.034560294,1,ST_N2@k=14,OBS_WALL_MID@k=6,ST_S2@k=16
alloc021-m0.35,sigma0.12-seed1,53,53,TrialState.SUCCESSFUL|SHUT_DOWN,66.692399025,0-2-1,0.35,0.12,1,1,node limit,4,8000,0.557569563,3.110106063,65.981276187,7.029593364,0.15,0.35,0.35,0.35,0.262227627,0.224271834,0.249894821,0.224271834,0,OBS_WALL_NORTH@k=7,ST_C2@k=15,OBS_WALL_MID@k=5
alloc021-m0.35,sigma0.12-seed2,54,54,TrialState.SUCCESSFUL|SHUT_DOWN,67.217649937,0-2-1,0.35,0.12,2,1,node limit,4,8000,0.557569563,3.110106063,66.750425081,7.029593364,0.15,0.35,0.35,0.35,0.086870749,0.03698374,0.03698374,0.03698374,0,ST_N1@k=10,"sep(2,3)@k=11","sep(2,3)@k=11"
alloc021-m0.45,sigma0.06-seed0,55,55,TrialState.SUCCESSFUL|SHUT_DOWN,75.270308018,0-2-1,0.45,0.06,0,1,node limit,4,8000,0.544329295,3.770951553,74.460861587,8.275606738,0.233333333,0.45,0.45,0.45,0.311352489,0.314985979,0.34556603,0.311352489,0,OBS_WALL_NORTH@k=8,ST_S1@k=10,OBS_WALL_SOUTH@k=4
alloc021-m0.45,sigma0.06-seed1,56,56,TrialState.SUCCESSFUL|SHUT_DOWN,78.734411001,0-2-1,0.45,0.06,1,1,node limit,4,8000,0.544329295,3.770951553,77.920183178,8.275606738,0.233333333,0.45,0.45,0.45,0.406113814,0.373348255,0.317598536,0.317598536,0,OBS_WALL_NORTH@k=7,OBS_WALL_SOUTH@k=8,ST_S2@k=16
alloc021-m0.45,sigma0.06-seed2,57,57,TrialState.SUCCESSFUL|SHUT_DOWN,79.26585412,0-2-1,0.45,0.06,2,1,node limit,4,8000,0.544329295,3.770951553,78.379514874,8.275606738,0.233333333,0.45,0.45,0.45,0.318435374,0.312501617,0.340639894,0.312501617,0,ST_N1@k=10,OBS_WALL_SOUTH@k=9,OBS_WALL_SOUTH@k=4
alloc021-m0.45,sigma0.09-seed0,58,58,TrialState.SUCCESSFUL|SHUT_DOWN,79.754308939,0-2-1,0.45,0.09,0,1,node limit,4,8000,0.544329295,3.770951553,79.094113862,8.275606738,0.233333333,0.45,0.45,0.45,0.342028734,0.211590253,0.271571559,0.211590253,0,OBS_WALL_NORTH@k=8,OBS_WALL_MID@k=8,"sep(2,3)@k=9"
alloc021-m0.45,sigma0.09-seed1,59,59,TrialState.SUCCESSFUL|SHUT_DOWN,79.763191223,0-2-1,0.45,0.09,1,1,node limit,4,8000,0.544329295,3.770951553,78.879005678,8.275606738,0.233333333,0.45,0.45,0.45,0.384170721,0.335022382,0.251397804,0.251397804,0,OBS_WALL_NORTH@k=7,OBS_WALL_SOUTH@k=8,ST_S2@k=16
alloc021-m0.45,sigma0.09-seed2,60,60,TrialState.SUCCESSFUL|SHUT_DOWN,76.716571808,0-2-1,0.45,0.09,2,1,node limit,4,8000,0.544329295,3.770951553,76.123761852,8.275606738,0.233333333,0.45,0.45,0.45,0.252653062,0.289229329,0.28595984,0.252653062,0,ST_N1@k=10,"sep(2,3)@k=9",OBS_WALL_SOUTH@k=4
alloc021-m0.45,sigma0.12-seed0,61,61,TrialState.SUCCESSFUL|SHUT_DOWN,76.71374011,0-2-1,0.45,0.12,0,1,node limit,4,8000,0.544329295,3.770951553,75.98343983,8.275606738,0.233333333,0.45,0.45,0.45,0.36303493,0.098787004,0.157413101,0.098787004,0,OBS_WALL_NORTH@k=4,OBS_WALL_MID@k=8,"sep(2,3)@k=9"
alloc021-m0.45,sigma0.12-seed1,62,62,TrialState.SUCCESSFUL|SHUT_DOWN,77.274452925,0-2-1,0.45,0.12,1,1,node limit,4,8000,0.544329295,3.770951553,76.905927553,8.275606738,0.233333333,0.45,0.45,0.45,0.362227627,0.29669651,0.185197072,0.185197072,0,OBS_WALL_NORTH@k=7,OBS_WALL_SOUTH@k=8,ST_S2@k=16
alloc021-m0.45,sigma0.12-seed2,63,63,TrialState.SUCCESSFUL|SHUT_DOWN,75.729695797,0-2-1,0.45,0.12,2,1,node limit,4,8000,0.544329295,3.770951553,75.187747871,8.275606738,0.233333333,0.45,0.45,0.45,0.186870749,0.180956794,0.180956794,0.180956794,0,ST_N1@k=10,"sep(2,3)@k=9","sep(2,3)@k=9"
alloc021-m0.5,sigma0.06-seed0,64,64,TrialState.SUCCESSFUL|SHUT_DOWN,1.002434254,0-2-1,0.5,0.06,0,0,infeasible,2,,,,0.008955115,,,,,,,,,,,,,
alloc021-m0.5,sigma0.06-seed1,65,65,TrialState.SUCCESSFUL|SHUT_DOWN,1.002484322,0-2-1,0.5,0.06,1,0,infeasible,2,,,,0.009232318,,,,,,,,,,,,,
alloc021-m0.5,sigma0.06-seed2,66,66,TrialState.SUCCESSFUL|SHUT_DOWN,1.002330303,0-2-1,0.5,0.06,2,0,infeasible,2,,,,0.009612196,,,,,,,,,,,,,
alloc021-m0.5,sigma0.09-seed0,67,67,TrialState.SUCCESSFUL|SHUT_DOWN,1.003505468,0-2-1,0.5,0.09,0,0,infeasible,2,,,,0.009316368,,,,,,,,,,,,,
alloc021-m0.5,sigma0.09-seed1,68,68,TrialState.SUCCESSFUL|SHUT_DOWN,1.002544165,0-2-1,0.5,0.09,1,0,infeasible,2,,,,0.011310857,,,,,,,,,,,,,
alloc021-m0.5,sigma0.09-seed2,69,69,TrialState.SUCCESSFUL|SHUT_DOWN,1.001414776,0-2-1,0.5,0.09,2,0,infeasible,2,,,,0.010032291,,,,,,,,,,,,,
alloc021-m0.5,sigma0.12-seed0,70,70,TrialState.SUCCESSFUL|SHUT_DOWN,1.00244689,0-2-1,0.5,0.12,0,0,infeasible,2,,,,0.00944458,,,,,,,,,,,,,
alloc021-m0.5,sigma0.12-seed1,71,71,TrialState.SUCCESSFUL|SHUT_DOWN,1.002423763,0-2-1,0.5,0.12,1,0,infeasible,2,,,,0.009378625,,,,,,,,,,,,,
alloc021-m0.5,sigma0.12-seed2,72,72,TrialState.SUCCESSFUL|SHUT_DOWN,1.002351284,0-2-1,0.5,0.12,2,0,infeasible,2,,,,0.00942361,,,,,,,,,,,,,
alloc102-m0.15,sigma0.06-seed0,73,73,TrialState.SUCCESSFUL|SHUT_DOWN,48.65536809,1-0-2,0.15,0.06,0,1,optimal,0,6203,0.049661704,3.020943425,47.998723019,3.178808471,-0.012352941,0.15,0.15,0.15,-0.048356058,-0.048356058,0.027041778,-0.048356058,2,"sep(1,2)@k=5","sep(1,2)@k=5",OBS_WALL_SOUTH@k=6
alloc102-m0.15,sigma0.06-seed1,74,74,TrialState.SUCCESSFUL|SHUT_DOWN,48.639611959,1-0-2,0.15,0.06,1,1,optimal,0,6203,0.049661704,3.020943425,48.133654282,3.178808471,-0.012352941,0.15,0.15,0.15,0.044560587,0.044560587,0.017598536,0.017598536,0,"sep(1,2)@k=6","sep(1,2)@k=6",ST_C2@k=16
alloc102-m0.15,sigma0.06-seed2,75,75,TrialState.SUCCESSFUL|SHUT_DOWN,47.646147728,1-0-2,0.15,0.06,2,1,optimal,0,6203,0.049661704,3.020943425,47.079794384,3.178808471,-0.012352941,0.15,0.15,0.15,-0.037664641,-0.037664641,0.018832373,-0.037664641,2,"sep(1,2)@k=5","sep(1,2)@k=5",OBS_WALL_SOUTH@k=6
alloc102-m0.15,sigma0.09-seed0,76,76,TrialState.SUCCESSFUL|SHUT_DOWN,48.178845167,1-0-2,0.15,0.09,0,1,optimal,0,6203,0.049661704,3.020943425,47.334813649,3.178808471,-0.012352941,0.15,0.15,0.15,-0.137469117,-0.092533059,-0.034437332,-0.137469117,3,OBS_WALL_MID@k=9,"sep(1,2)@k=5",OBS_WALL_SOUTH@k=6
alloc102-m0.15,sigma0.09-seed1,77,77,TrialState.SUCCESSFUL|SHUT_DOWN,48.16676259,1-0-2,0.15,0.09,1,1,optimal,0,6203,0.049661704,3.020943425,47.730752015,3.178808471,-0.012352941,0.15,0.15,0.15,0.043248572,0.043248572,-0.048602196,-0.048602196,1,"sep(1,2)@k=6","sep(1,2)@k=6",ST_C2@k=16
alloc102-m0.15,sigma0.09-seed2,78,78,TrialState.SUCCESSFUL|SHUT_DOWN,48.651775837,1-0-2,0.15,0.09,2,1,optimal,0,6203,0.049661704,3.020943425,48.152645265,3.178808471,-0.012352941,0.15,0.15,0.15,-0.09740288,-0.09740288,-0.04675144,-0.09740288,3,"sep(1,2)@k=6","sep(1,2)@k=6",OBS_WALL_SOUTH@k=6
alloc102-m0.15,sigma0.12-seed0,79,79,TrialState.SUCCESSFUL|SHUT_DOWN,48.657172918,1-0-2,0.15,0.12,0,1,optimal,0,6203,0.049661704,3.020943425,47.954341149,3.178808471,-0.012352941,0.15,0.15,0.15,-0.233292156,-0.133983473,-0.095916443,-0.233292156,3,OBS_WALL_MID@k=9,"sep(1,2)@k=5",OBS_WALL_SOUTH@k=6
alloc102-m0.15,sigma0.12-seed1,80,80,TrialState.SUCCESSFUL|SHUT_DOWN,48.174894094,1-0-2,0.15,0.12,1,1,optimal,0,6203,0.049661704,3.020943425,47.736007268,3.178808471,-0.012352941,0.15,0.15,0.15,0.094228673,0.093050904,-0.070648246,-0.070648246,1,OBS_WALL_MID@k=9,OBS_WALL_MID@k=5,ST_C2@k=15
alloc102-m0.15,sigma0.12-seed2,81,81,TrialState.SUCCESSFUL|SHUT_DOWN,48.650265932,1-0-2,0.15,0.12,2,1,optimal,0,6203,0.049661704,3.020943425,47.810581971,3.178808471,-0.012352941,0.15,0.15,0.15,-0.179870507,-0.179870507,-0.112335254,-0.179870507,3,"sep(1,2)@k=6","sep(1,2)@k=6",OBS_WALL_SOUTH@k=6
alloc102-m0.35,sigma0.06-seed0,82,82,TrialState.SUCCESSFUL|SHUT_DOWN,63.725344419,1-0-2,0.35,0.06,0,1,node limit,4,8000,0.481541868,2.700002206,63.367462145,5.207753609,0.17125,0.35,0.35,0.35,0.195020604,0.124393502,0.20621513,0.124393502,0,OBS_WALL_MID@k=7,OBS_WALL_NORTH@k=8,OBS_WALL_SOUTH@k=5
alloc102-m0.35,sigma0.06-seed1,83,83,TrialState.SUCCESSFUL|SHUT_DOWN,64.720936298,1-0-2,0.35,0.06,1,1,node limit,4,8000,0.481541868,2.700002206,63.94481259,5.207753609,0.17125,0.35,0.35,0.35,0.267357614,0.270535264,0.267357614,0.267357614,0,"sep(1,3)@k=12",OBS_WALL_MID@k=6,"sep(1,3)@k=12"
alloc102-m0.35,sigma0.06-seed2,84,84,TrialState.SUCCESSFUL|SHUT_DOWN,64.188109159,1-0-2,0.35,0.06,2,1,node limit,4,8000,0.481541868,2.700002206,63.480967104,5.207753609,0.17125,0.35,0.35,0.35,0.169075262,0.189845548,0.169075262,0.169075262,0,"sep(1,3)@k=12",OBS_WALL_NORTH@k=8,"sep(1,3)@k=12"
alloc102-m0.35,sigma0.09-seed0,85,85,TrialState.SUCCESSFUL|SHUT_DOWN,64.179587364,1-0-2,0.35,0.09,0,1,node limit,4,8000,0.481541868,2.700002206,63.691880541,5.207753609,0.17125,0.35,0.35,0.35,0.117530906,0.054478994,0.168001819,0.054478994,0,OBS_WALL_MID@k=7,OBS_WALL_NORTH@k=8,OBS_WALL_SOUTH@k=5
alloc102-m0.35,sigma0.09-seed1,86,86,TrialState.SUCCESSFUL|SHUT_DOWN,62.68344903,1-0-2,0.35,0.09,1,1,node limit,4,8000,0.481541868,2.700002206,61.981792545,5.207753609,0.17125,0.35,0.35,0.35,0.226036421,0.230802896,0.226036421,0.226036421,0,"sep(1,3)@k=12",OBS_WALL_MID@k=6,"sep(1,3)@k=12"
alloc102-m0.35,sigma0.09-seed2,87,87,TrialState.SUCCESSFUL|SHUT_DOWN,56.629190683,1-0-2,0.35,0.09,2,1,node limit,4,8000,0.481541868,2.700002206,55.940440914,5.207753609,0.17125,0.35,0.35,0.35,0.078612892,0.107965956,0.078612892,0.078612892,0,"sep(1,3)@k=12",OBS_WALL_NORTH@k=9,"sep(1,3)@k=12"
alloc102-m0.35,sigma0.12-seed0,88,88,TrialState.SUCCESSFUL|SHUT_DOWN,56.140160561,1-0-2,0.35,0.12,0,1,node limit,4,8000,0.481541868,2.700002206,55.401173683,5.207753609,0.17125,0.35,0.35,0.35,0.040041208,0.114960596,0.140669091,0.040041208,0,OBS_WALL_MID@k=7,OBS_WALL_NORTH@k=8,OBS_WALL_SOUTH@k=5
alloc102-m0.35,sigma0.12-seed1,89,89,TrialState.SUCCESSFUL|SHUT_DOWN,56.130496025,1-0-2,0.35,0.12,1,1,node limit,4,8000,0.481541868,2.700002206,55.241092236,5.207753609,0.17125,0.35,0.35,0.35,0.254014066,0.239250166,0.254014066,0.239250166,0,"sep(1,3)@k=12",ST_N1@k=10,"sep(1,3)@k=12"
alloc102-m0.35,sigma0.12-seed2,90,90,TrialState.SUCCESSFUL|SHUT_DOWN,55.136350632,1-0-2,0.35,0.12,2,1,node limit,4,8000,0.481541868,2.700002206,54.646848993,5.207753609,0.17125,0.35,0.35,0.35,0.012666873,0.020889556,0.012666873,0.012666873,0,"sep(1,3)@k=12",OBS_WALL_NORTH@k=9,"sep(1,3)@k=12"
alloc102-m0.45,sigma0.06-seed0,91,91,TrialState.SUCCESSFUL|SHUT_DOWN,69.660109043,1-0-2,0.45,0.06,0,1,node limit,4,8000,0.477163521,4.235093905,68.907160667,8.100226513,0.235333333,0.45,0.45,0.45,0.258353922,0.257719853,0.288438229,0.257719853,0,OBS_WALL_MID@k=9,OBS_WALL_NORTH@k=6,OBS_PILLAR@k=14
alloc102-m0.45,sigma0.06-seed1,92,92,TrialState.SUCCESSFUL|SHUT_DOWN,70.183093071,1-0-2,0.45,0.06,1,1,node limit,4,8000,0.477163521,4.235093905,69.392829738,8.100226513,0.235333333,0.45,0.45,0.45,0.342983537,0.392803168,0.354260259,0.342983537,0,ST_S2@k=16,OBS_WALL_NORTH@k=7,OBS_WALL_MID@k=6
alloc102-m0.45,sigma0.06-seed2,93,93,TrialState.SUCCESSFUL|SHUT_DOWN,69.161658525,1-0-2,0.45,0.06,2,1,node limit,4,8000,0.477163521,4.235093905,68.728233992,8.100226513,0.235333333,0.45,0.45,0.45,0.269075262,0.356233829,0.269075262,0.269075262,0,"sep(1,3)@k=12","sep(1,2)@k=8","sep(1,3)@k=12"
alloc102-m0.45,sigma0.09-seed0,94,94,TrialState.SUCCESSFUL|SHUT_DOWN,69.665705442,1-0-2,0.45,0.09,0,1,node limit,4,8000,0.477163521,4.235093905,69.190796725,8.100226513,0.235333333,0.45,0.45,0.45,0.162530883,0.16157978,0.191610967,0.16157978,0,OBS_WALL_MID@k=9,OBS_WALL_NORTH@k=6,OBS_PILLAR@k=14
alloc102-m0.45,sigma0.09-seed1,95,95,TrialState.SUCCESSFUL|SHUT_DOWN,69.684177637,1-0-2,0.45,0.09,1,1,node limit,4,8000,0.477163521,4.235093905,68.842799307,8.100226513,0.235333333,0.45,0.45,0.45,0.289475306,0.376764211,0.306390389,0.289475306,0,ST_S2@k=16,OBS_WALL_NORTH@k=7,OBS_WALL_MID@k=6
alloc102-m0.45,sigma0.09-seed2,96,96,TrialState.SUCCESSFUL|SHUT_DOWN,69.162694693,1-0-2,0.45,0.09,2,1,node limit,4,8000,0.477163521,4.235093905,68.400682216,8.100226513,0.235333333,0.45,0.45,0.45,0.178612892,0.328502481,0.178612892,0.178612892,0,"sep(1,3)@k=12",OBS_WALL_NORTH@k=5,"sep(1,3)@k=12"
alloc102-m0.45,sigma0.12-seed0,97,97,TrialState.SUCCESSFUL|SHUT_DOWN,69.174032927,1-0-2,0.45,0.12,0,1,node limit,4,8000,0.477163521,4.235093905,68.484253001,8.100226513,0.235333333,0.45,0.45,0.45,0.066707844,0.065439706,0.094783705,0.065439706,0,OBS_WALL_MID@k=9,OBS_WALL_NORTH@k=6,OBS_PILLAR@k=14
alloc102-m0.45,sigma0.12-seed1,98,98,TrialState.SUCCESSFUL|SHUT_DOWN,69.169543028,1-0-2,0.45,0.12,1,1,node limit,4,8000,0.477163521,4.235093905,68.307418671,8.100226513,0.235333333,0.45,0.45,0.45,0.235967074,0.391070528,0.258520518,0.235967074,0,ST_S2@k=16,OBS_WALL_MID@k=6,OBS_WALL_MID@k=6
alloc102-m0.45,sigma0.12-seed2,99,99,TrialState.SUCCESSFUL|SHUT_DOWN,69.179926157,1-0-2,0.45,0.12,2,1,node limit,4,8000,0.477163521,4.235093905,68.42474888,8.100226513,0.235333333,0.45,0.45,0.45,0.088150523,0.254669974,0.088150523,0.088150523,0,"sep(1,3)@k=12",OBS_WALL_NORTH@k=5,"sep(1,3)@k=12"
alloc102-m0.5,sigma0.06-seed0,100,100,TrialState.SUCCESSFUL|SHUT_DOWN,1.002215624,1-0-2,0.5,0.06,0,0,infeasible,2,,,,0.010802046,,,,,,,,,,,,,
alloc102-m0.5,sigma0.06-seed1,101,101,TrialState.SUCCESSFUL|SHUT_DOWN,1.002299547,1-0-2,0.5,0.06,1,0,infeasible,2,,,,0.014536503,,,,,,,,,,,,,
alloc102-m0.5,sigma0.06-seed2,102,102,TrialState.SUCCESSFUL|SHUT_DOWN,1.001956701,1-0-2,0.5,0.06,2,0,infeasible,2,,,,0.011237779,,,,,,,,,,,,,
alloc102-m0.5,sigma0.09-seed0,103,103,TrialState.SUCCESSFUL|SHUT_DOWN,1.00241828,1-0-2,0.5,0.09,0,0,infeasible,2,,,,0.010769324,,,,,,,,,,,,,
alloc102-m0.5,sigma0.09-seed1,104,104,TrialState.SUCCESSFUL|SHUT_DOWN,1.001804352,1-0-2,0.5,0.09,1,0,infeasible,2,,,,0.013763322,,,,,,,,,,,,,
alloc102-m0.5,sigma0.09-seed2,105,105,TrialState.SUCCESSFUL|SHUT_DOWN,1.002361536,1-0-2,0.5,0.09,2,0,infeasible,2,,,,0.011009878,,,,,,,,,,,,,
alloc102-m0.5,sigma0.12-seed0,106,106,TrialState.SUCCESSFUL|SHUT_DOWN,1.002342701,1-0-2,0.5,0.12,0,0,infeasible,2,,,,0.011463095,,,,,,,,,,,,,
alloc102-m0.5,sigma0.12-seed1,107,107,TrialState.SUCCESSFUL|SHUT_DOWN,1.002668858,1-0-2,0.5,0.12,1,0,infeasible,2,,,,0.01112209,,,,,,,,,,,,,
alloc102-m0.5,sigma0.12-seed2,108,108,TrialState.SUCCESSFUL|SHUT_DOWN,1.002269983,1-0-2,0.5,0.12,2,0,infeasible,2,,,,0.011342316,,,,,,,,,,,,,
alloc120-m0.15,sigma0.06-seed0,109,109,TrialState.SUCCESSFUL|SHUT_DOWN,29.068910599,1-2-0,0.15,0.06,0,1,optimal,0,4015,0.04996435,3.372559339,28.619407721,3.549929248,0.002610612,0.15,0.15,0.15,-0.094211022,-0.036822141,-0.094211022,-0.094211022,3,"sep(1,3)@k=7","sep(2,3)@k=5","sep(1,3)@k=7"
alloc120-m0.15,sigma0.06-seed1,110,110,TrialState.SUCCESSFUL|SHUT_DOWN,29.568380117,1-2-0,0.15,0.06,1,1,optimal,0,4015,0.04996435,3.372559339,28.809359291,3.549929248,0.002610612,0.15,0.15,0.15,-0.069685882,-0.069685882,0.067316017,-0.069685882,2,"sep(1,2)@k=13","sep(1,2)@k=13",ST_N1@k=10
alloc120-m0.15,sigma0.06-seed2,111,111,TrialState.SUCCESSFUL|SHUT_DOWN,29.568915606,1-2-0,0.15,0.06,2,1,optimal,0,4015,0.04996435,3.372559339,28.762869017,3.549929248,0.002610612,0.15,0.15,0.15,0.061964718,-0.014490819,-0.014490819,-0.014490819,2,OBS_WALL_MID@k=7,"sep(2,3)@k=5","sep(2,3)@k=5"
alloc120-m0.15,sigma0.09-seed0,112,112,TrialState.SUCCESSFUL|SHUT_DOWN,29.06579113,1-2-0,0.15,0.09,0,1,optimal,0,4015,0.04996435,3.372559339,28.609599626,3.549929248,0.002610612,0.15,0.15,0.15,-0.24159431,-0.155030783,-0.24159431,-0.24159431,3,"sep(1,3)@k=7","sep(2,3)@k=5","sep(1,3)@k=7"
alloc120-m0.15,sigma0.09-seed1,113,113,TrialState.SUCCESSFUL|SHUT_DOWN,29.068119764,1-2-0,0.15,0.09,1,1,optimal,0,4015,0.04996435,3.372559339,28.62265574,3.549929248,0.002610612,0.15,0.15,0.15,-0.205186718,-0.205186718,0.025974025,-0.205186718,2,"sep(1,2)@k=13","sep(1,2)@k=13",ST_N1@k=10
alloc120-m0.15,sigma0.09-seed2,114,114,TrialState.SUCCESSFUL|SHUT_DOWN,29.06475234,1-2-0,0.15,0.09,2,1,optimal,0,4015,0.04996435,3.372559339,28.677004788,3.549929248,0.002610612,0.15,0.15,0.15,0.017947078,-0.066118396,-0.066118396,-0.066118396,2,OBS_WALL_MID@k=7,"sep(2,3)@k=4","sep(2,3)@k=4"
alloc120-m0.15,sigma0.12-seed0,115,115,TrialState.SUCCESSFUL|SHUT_DOWN,29.574303627,1-2-0,0.15,0.12,0,1,optimal,0,4015,0.04996435,3.372559339,28.846910702,3.549929248,0.002610612,0.15,0.15,0.15,-0.388977599,-0.273239424,-0.388977599,-0.388977599,3,"sep(1,3)@k=7","sep(2,3)@k=5","sep(1,3)@k=7"
alloc120-m0.15,sigma0.12-seed1,116,116,TrialState.SUCCESSFUL|SHUT_DOWN,29.066873074,1-2-0,0.15,0.12,1,1,optimal,0,4015,0.04996435,3.372559339,28.631876999,3.549929248,0.002610612,0.15,0.15,0.15,-0.340687553,-0.340687553,-0.015367966,-0.340687553,3,"sep(1,2)@k=13","sep(1,2)@k=13",ST_N1@k=10
alloc120-m0.15,sigma0.12-seed2,117,117,TrialState.SUCCESSFUL|SHUT_DOWN,29.069372416,1-2-0,0.15,0.12,2,1,optimal,0,4015,0.04996435,3.372559339,28.658141567,3.549929248,0.002610612,0.15,0.15,0.15,-0.026070563,-0.138157861,-0.138157861,-0.138157861,3,OBS_WALL_MID@k=7,"sep(2,3)@k=4","sep(2,3)@k=4"
alloc120-m0.35,sigma0.06-seed0,118,118,TrialState.SUCCESSFUL|SHUT_DOWN,53.123676777,1-2-0,0.35,0.06,0,1,node limit,4,8000,0.246254322,3.98482908,52.672239358,5.286702397,0.123333333,0.35,0.35,0.35,0.195020604,0.135457717,0.122014558,0.122014558,0,OBS_WALL_MID@k=7,"sep(2,3)@k=5",ST_N2@k=14
alloc120-m0.35,sigma0.06-seed1,119,119,TrialState.SUCCESSFUL|SHUT_DOWN,53.135301352,1-2-0,0.35,0.06,1,1,node limit,4,8000,0.246254322,3.98482908,52.481965069,5.286702397,0.123333333,0.35,0.35,0.35,0.315454982,0.287135917,0.264158331,0.264158331,0,OBS_WALL_NORTH@k=4,ST_C2@k=15,ST_N1@k=10
alloc120-m0.35,sigma0.06-seed2,120,120,TrialState.SUCCESSFUL|SHUT_DOWN,53.632781029,1-2-0,0.35,0.06,2,1,node limit,4,8000,0.246254322,3.98482908,52.772846998,5.286702397,0.123333333,0.35,0.35,0.35,0.198212724,0.198212724,0.242587736,0.198212724,0,"sep(1,2)@k=12","sep(1,2)@k=12","sep(2,3)@k=4"
alloc120-m0.35,sigma0.09-seed0,121,121,TrialState.SUCCESSFUL|SHUT_DOWN,53.129358768,1-2-0,0.35,0.09,0,1,node limit,4,8000,0.246254322,3.98482908,52.48277122,5.286702397,0.123333333,0.35,0.35,0.35,0.117530906,0.017249076,0.013477133,0.013477133,0,OBS_WALL_MID@k=7,"sep(2,3)@k=5",OBS_WALL_MID@k=6
alloc120-m0.35,sigma0.09-seed1,122,122,TrialState.SUCCESSFUL|SHUT_DOWN,53.137699842,1-2-0,0.35,0.09,1,1,node limit,4,8000,0.246254322,3.98482908,52.585915717,5.286702397,0.123333333,0.35,0.35,0.35,0.298182474,0.255703875,0.221237497,0.221237497,0,OBS_WALL_NORTH@k=4,ST_C2@k=15,ST_N1@k=10
alloc120-m0.35,sigma0.09-seed2,123,123,TrialState.SUCCESSFUL|SHUT_DOWN,53.62941885,1-2-0,0.35,0.09,2,1,node limit,4,8000,0.246254322,3.98482908,52.760189229,5.286702397,0.123333333,0.35,0.35,0.35,0.122319086,0.122319086,0.170548271,0.122319086,0,"sep(1,2)@k=12","sep(1,2)@k=12","sep(2,3)@k=4"
alloc120-m0.35,sigma0.12-seed0,124,124,TrialState.SUCCESSFUL|SHUT_DOWN,53.12618494,1-2-0,0.35,0.12,0,1,node limit,4,8000,0.246254322,3.98482908,52.619004234,5.286702397,0.123333333,0.35,0.35,0.35,0.040041208,-0.100959566,-0.100959566,-0.100959566,2,OBS_WALL_MID@k=7,"sep(2,3)@k=5","sep(2,3)@k=5"
alloc120-m0.35,sigma0.12-seed1,125,125,TrialState.SUCCESSFUL|SHUT_DOWN,53.122033834,1-2-0,0.35,0.12,1,1,node limit,4,8000,0.246254322,3.98482908,52.58306466,5.286702397,0.123333333,0.35,0.35,0.35,0.280909965,0.224271834,0.178316663,0.178316663,0,OBS_WALL_NORTH@k=4,ST_C2@k=15,ST_N1@k=10
alloc120-m0.35,sigma0.12-seed2,126,126,TrialState.SUCCESSFUL|SHUT_DOWN,53.119825363,1-2-0,0.35,0.12,2,1,node limit,4,8000,0.246254322,3.98482908,52.707552027,5.286702397,0.123333333,0.35,0.35,0.35,0.046425448,0.046425448,0.098508805,0.046425448,0,"sep(1,2)@k=12","sep(1,2)@k=12","sep(2,3)@k=4"
alloc120-m0.45,sigma0.06-seed0,127,127,TrialState.SUCCESSFUL|SHUT_DOWN,67.658468962,1-2-0,0.45,0.06,0,1,node limit,4,8000,0.344736096,5.308873597,66.980350915,8.101886227,0.244166667,0.45,0.45,0.45,0.239063474,0.264662251,0.225651422,0.225651422,0,"sep(1,3)@k=8",ST_S1@k=10,OBS_WALL_MID@k=6
alloc120-m0.45,sigma0.06-seed1,128,128,TrialState.SUCCESSFUL|SHUT_DOWN,67.666031361,1-2-0,0.45,0.06,1,1,node limit,4,8000,0.344736096,5.308873597,67.011924429,8.101886227,0.244166667,0.45,0.45,0.45,0.4071585,0.387135917,0.364158331,0.364158331,0,OBS_WALL_NORTH@k=5,ST_C2@k=15,ST_N1@k=10
alloc120-m0.45,sigma0.06-seed2,129,129,TrialState.SUCCESSFUL|SHUT_DOWN,67.678364754,1-2-0,0.45,0.06,2,1,node limit,4,8000,0.344736096,5.308873597,67.090311838,8.101886227,0.244166667,0.45,0.45,0.45,0.298212724,0.298212724,0.420228299,0.298212724,0,"sep(1,2)@k=12","sep(1,2)@k=12",OBS_WALL_MID@k=6
alloc120-m0.45,sigma0.09-seed0,130,130,TrialState.SUCCESSFUL|SHUT_DOWN,67.667891026,1-2-0,0.45,0.09,0,1,node limit,4,8000,0.344736096,5.308873597,67.175540915,8.101886227,0.244166667,0.45,0.45,0.45,0.220218063,0.171993377,0.113477133,0.113477133,0,OBS_WALL_MID@k=7,ST_S1@k=10,OBS_WALL_MID@k=6
alloc120-m0.45,sigma0.09-seed1,131,131,TrialState.SUCCESSFUL|SHUT_DOWN,67.669368505,1-2-0,0.45,0.09,1,1,node limit,4,8000,0.344736096,5.308873597,67.069521062,8.101886227,0.244166667,0.45,0.45,0.45,0.382554315,0.355703875,0.321237497,0.321237497,0,ST_S2@k=16,ST_C2@k=15,ST_N1@k=10
alloc120-m0.45,sigma0.09-seed2,132,132,TrialState.SUCCESSFUL|SHUT_DOWN,67.664302588,1-2-0,0.45,0.09,2,1,node limit,4,8000,0.344736096,5.308873597,67.022760716,8.101886227,0.244166667,0.45,0.45,0.45,0.222319086,0.222319086,0.357691128,0.222319086,0,"sep(1,2)@k=12","sep(1,2)@k=12","sep(2,3)@k=4"
alloc120-m0.45,sigma0.12-seed0,133,133,TrialState.SUCCESSFUL|SHUT_DOWN,67.661130667,1-2-0,0.45,0.12,0,1,node limit,4,8000,0.344736096,5.308873597,67.048219211,8.101886227,0.244166667,0.45,0.45,0.45,0.177133513,0.079324502,0.001302844,0.001302844,0,"sep(1,3)@k=7",ST_S1@k=10,OBS_WALL_MID@k=6
alloc120-m0.45,sigma0.12-seed1,134,134,TrialState.SUCCESSFUL|SHUT_DOWN,67.167876005,1-2-0,0.45,0.12,1,1,node limit,4,8000,0.344736096,5.308873597,66.695192776,8.101886227,0.244166667,0.45,0.45,0.45,0.329046083,0.324271834,0.278316663,0.278316663,0,ST_S2@k=16,ST_C2@k=15,ST_N1@k=10
alloc120-m0.45,sigma0.12-seed2,135,135,TrialState.SUCCESSFUL|SHUT_DOWN,67.663300514,1-2-0,0.45,0.12,2,1,node limit,4,8000,0.344736096,5.308873597,66.9673858,8.101886227,0.244166667,0.45,0.45,0.45,0.146425448,0.146425448,0.285651662,0.146425448,0,"sep(1,2)@k=12","sep(1,2)@k=12","sep(2,3)@k=4"
alloc120-m0.5,sigma0.06-seed0,136,136,TrialState.SUCCESSFUL|SHUT_DOWN,1.002544641,1-2-0,0.5,0.06,0,0,infeasible,2,,,,0.010491819,,,,,,,,,,,,,
alloc120-m0.5,sigma0.06-seed1,137,137,TrialState.SUCCESSFUL|SHUT_DOWN,1.001689911,1-2-0,0.5,0.06,1,0,infeasible,2,,,,0.010250193,,,,,,,,,,,,,
alloc120-m0.5,sigma0.06-seed2,138,138,TrialState.SUCCESSFUL|SHUT_DOWN,1.002367496,1-2-0,0.5,0.06,2,0,infeasible,2,,,,0.010525102,,,,,,,,,,,,,
alloc120-m0.5,sigma0.09-seed0,139,139,TrialState.SUCCESSFUL|SHUT_DOWN,1.002346039,1-2-0,0.5,0.09,0,0,infeasible,2,,,,0.010269449,,,,,,,,,,,,,
alloc120-m0.5,sigma0.09-seed1,140,140,TrialState.SUCCESSFUL|SHUT_DOWN,1.002423048,1-2-0,0.5,0.09,1,0,infeasible,2,,,,0.01013201,,,,,,,,,,,,,
alloc120-m0.5,sigma0.09-seed2,141,141,TrialState.SUCCESSFUL|SHUT_DOWN,1.002488852,1-2-0,0.5,0.09,2,0,infeasible,2,,,,0.01052914,,,,,,,,,,,,,
alloc120-m0.5,sigma0.12-seed0,142,142,TrialState.SUCCESSFUL|SHUT_DOWN,1.001832485,1-2-0,0.5,0.12,0,0,infeasible,2,,,,0.010142519,,,,,,,,,,,,,
alloc120-m0.5,sigma0.12-seed1,143,143,TrialState.SUCCESSFUL|SHUT_DOWN,1.002403498,1-2-0,0.5,0.12,1,0,infeasible,2,,,,0.010197984,,,,,,,,,,,,,
alloc120-m0.5,sigma0.12-seed2,144,144,TrialState.SUCCESSFUL|SHUT_DOWN,1.002277374,1-2-0,0.5,0.12,2,0,infeasible,2,,,,0.010406468,,,,,,,,,,,,,
alloc201-m0.15,sigma0.06-seed0,145,145,TrialState.SUCCESSFUL|SHUT_DOWN,42.096524,2-0-1,0.15,0.06,0,1,optimal,0,5129,0.049991118,3.872434459,41.522428303,4.07620869,0.023461538,0.15,0.15,0.15,0.02138097,0.115389025,0.011740644,0.011740644,0,ST_S1@k=10,"sep(1,2)@k=5",ST_S2@k=15
alloc201-m0.15,sigma0.06-seed1,146,146,TrialState.SUCCESSFUL|SHUT_DOWN,42.093882084,2-0-1,0.15,0.06,1,1,optimal,0,5129,0.049991118,3.872434459,41.508545255,4.07620869,0.023461538,0.15,0.15,0.15,0.025735677,0.025735677,0.070215189,0.025735677,0,"sep(1,2)@k=5","sep(1,2)@k=5","sep(1,3)@k=12"
alloc201-m0.15,sigma0.06-seed2,147,147,TrialState.SUCCESSFUL|SHUT_DOWN,42.097602844,2-0-1,0.15,0.06,2,1,optimal,0,5129,0.049991118,3.872434459,41.568362507,4.07620869,0.023461538,0.15,0.15,0.15,0.025930747,0.090566015,0.06261271,0.025930747,0,ST_C2@k=16,"sep(1,2)@k=4",ST_S2@k=15
alloc201-m0.15,sigma0.09-seed0,148,148,TrialState.SUCCESSFUL|SHUT_DOWN,42.099550009,2-0-1,0.15,0.09,0,1,optimal,0,5129,0.049991118,3.872434459,41.618619824,4.07620869,0.023461538,0.15,0.15,0.15,-0.042928545,0.08912711,-0.057389034,-0.057389034,2,ST_S1@k=10,"sep(1,2)@k=4",ST_S2@k=15
alloc201-m0.15,sigma0.09-seed1,149,149,TrialState.SUCCESSFUL|SHUT_DOWN,42.094572544,2-0-1,0.15,0.09,1,1,optimal,0,5129,0.049991118,3.872434459,41.685521997,4.07620869,0.023461538,0.15,0.15,0.15,-0.036396484,-0.036396484,0.030322784,-0.036396484,2,"sep(1,2)@k=5","sep(1,2)@k=5","sep(1,3)@k=12"
alloc201-m0.15,sigma0.09-seed2,150,150,TrialState.SUCCESSFUL|SHUT_DOWN,42.09652853,2-0-1,0.15,0.09,2,1,optimal,0,5129,0.049991118,3.872434459,41.561211865,4.07620869,0.023461538,0.15,0.15,0.15,-0.03610388,0.044803271,0.021140366,-0.03610388,1,ST_C2@k=16,"sep(1,2)@k=4","sep(1,3)@k=7"
alloc201-m0.15,sigma0.12-seed0,151,151,TrialState.SUCCESSFUL|SHUT_DOWN,42.596160412,2-0-1,0.15,0.12,0,1,optimal,0,5129,0.049991118,3.872434459,41.793965471,4.07620869,0.023461538,0.15,0.15,0.15,-0.10723806,0.058138979,-0.126518712,-0.126518712,2,ST_S1@k=10,"sep(1,2)@k=4",ST_S2@k=15
alloc201-m0.15,sigma0.12-seed1,152,152,TrialState.SUCCESSFUL|SHUT_DOWN,42.108710289,2-0-1,0.15,0.12,1,1,optimal,0,5129,0.049991118,3.872434459,41.541323266,4.07620869,0.023461538,0.15,0.15,0.15,-0.098528645,-0.098528645,-0.009569622,-0.098528645,3,"sep(1,2)@k=5","sep(1,2)@k=5","sep(1,3)@k=12"
alloc201-m0.15,sigma0.12-seed2,153,153,TrialState.SUCCESSFUL|SHUT_DOWN,42.596220732,2-0-1,0.15,0.12,2,1,optimal,0,5129,0.049991118,3.872434459,41.830677736,4.07620869,0.023461538,0.15,0.15,0.15,-0.098138506,-0.000959473,-0.027041603,-0.098138506,3,ST_C2@k=16,"sep(1,2)@k=4","sep(1,3)@k=7"
alloc201-m0.35,sigma0.06-seed0,154,154,TrialState.SUCCESSFUL|SHUT_DOWN,57.633154869,2-0-1,0.35,0.06,0,1,node limit,4,8000,0.446181803,3.806613748,57.158032,6.873399557,0.152639491,0.35,0.35,0.35,0.199028353,0.124393502,0.24556603,0.124393502,0,OBS_WALL_SOUTH@k=9,OBS_WALL_NORTH@k=8,OBS_WALL_SOUTH@k=4
alloc201-m0.35,sigma0.06-seed1,155,155,TrialState.SUCCESSFUL|SHUT_DOWN,57.633474588,2-0-1,0.35,0.06,1,1,node limit,4,8000,0.446181803,3.806613748,56.766110952,6.873399557,0.152639491,0.35,0.35,0.35,0.231447112,0.231447112,0.254260259,0.231447112,0,"sep(1,2)@k=2","sep(1,2)@k=2",OBS_WALL_MID@k=6
alloc201-m0.35,sigma0.06-seed2,156,156,TrialState.SUCCESSFUL|SHUT_DOWN,57.637910843,2-0-1,0.35,0.06,2,1,node limit,4,8000,0.446181803,3.806613748,57.067429554,6.873399557,0.152639491,0.35,0.35,0.35,0.184736776,0.175847199,0.240639894,0.175847199,0,"sep(1,2)@k=2",OBS_WALL_NORTH@k=9,OBS_WALL_SOUTH@k=4
alloc201-m0.35,sigma0.09-seed0,157,157,TrialState.SUCCESSFUL|SHUT_DOWN,57.147471905,2-0-1,0.35,0.09,0,1,node limit,4,8000,0.446181803,3.806613748,56.724510288,6.873399557,0.152639491,0.35,0.35,0.35,0.103205314,0.011590253,0.193349045,0.011590253,0,OBS_WALL_SOUTH@k=9,OBS_WALL_NORTH@k=8,OBS_WALL_SOUTH@k=4
alloc201-m0.35,sigma0.09-seed1,158,158,TrialState.SUCCESSFUL|SHUT_DOWN,57.634239435,2-0-1,0.35,0.09,1,1,node limit,4,8000,0.446181803,3.806613748,56.874942481,6.873399557,0.152639491,0.35,0.35,0.35,0.143152811,0.143152811,0.206390389,0.143152811,0,"sep(1,2)@k=2","sep(1,2)@k=2",OBS_WALL_MID@k=6
alloc201-m0.35,sigma0.09-seed2,159,159,TrialState.SUCCESSFUL|SHUT_DOWN,57.632774115,2-0-1,0.35,0.09,2,1,node limit,4,8000,0.446181803,3.806613748,56.853201641,6.873399557,0.152639491,0.35,0.35,0.35,0.073087306,0.073087306,0.18595984,0.073087306,0,"sep(1,2)@k=2","sep(1,2)@k=2",OBS_WALL_SOUTH@k=4
alloc201-m0.35,sigma0.12-seed0,160,160,TrialState.SUCCESSFUL|SHUT_DOWN,57.133572102,2-0-1,0.35,0.12,0,1,node limit,4,8000,0.446181803,3.806613748,56.709801961,6.873399557,0.152639491,0.35,0.35,0.35,0.007382276,-0.075689329,0.14113206,-0.075689329,1,OBS_WALL_SOUTH@k=9,OBS_WALL_NORTH@k=8,OBS_WALL_SOUTH@k=4
alloc201-m0.35,sigma0.12-seed1,161,161,TrialState.SUCCESSFUL|SHUT_DOWN,57.64746666,2-0-1,0.35,0.12,1,1,node limit,4,8000,0.446181803,3.806613748,56.911013634,6.873399557,0.152639491,0.35,0.35,0.35,0.054858509,0.054858509,0.158520518,0.054858509,0,"sep(1,2)@k=2","sep(1,2)@k=2",OBS_WALL_MID@k=6
alloc201-m0.35,sigma0.12-seed2,162,162,TrialState.SUCCESSFUL|SHUT_DOWN,57.134743929,2-0-1,0.35,0.12,2,1,node limit,4,8000,0.446181803,3.806613748,56.628398952,6.873399557,0.152639491,0.35,0.35,0.35,-0.038562163,-0.038562163,0.131279787,-0.038562163,2,"sep(1,2)@k=2","sep(1,2)@k=2",OBS_WALL_SOUTH@k=4
alloc201-m0.45,sigma0.06-seed0,163,163,TrialState.SUCCESSFUL|SHUT_DOWN,63.152156353,2-0-1,0.45,0.06,0,1,node limit,4,8000,0.557321164,4.930610636,62.550424867,11.138121444,0.168,0.45,0.45,0.45,0.247576232,0.315011251,0.247576232,0.247576232,0,"sep(1,3)@k=8",OBS_WALL_NORTH@k=7,"sep(1,3)@k=8"
alloc201-m0.45,sigma0.06-seed1,164,164,TrialState.SUCCESSFUL|SHUT_DOWN,63.163081169,2-0-1,0.45,0.06,1,1,node limit,4,8000,0.557321164,4.930610636,62.587594908,11.138121444,0.168,0.45,0.45,0.45,0.28830694,0.370535264,0.28830694,0.28830694,0,"sep(1,3)@k=14",OBS_WALL_MID@k=6,"sep(1,3)@k=14"
alloc201-m0.45,sigma0.06-seed2,165,165,TrialState.SUCCESSFUL|SHUT_DOWN,63.654616356,2-0-1,0.45,0.06,2,1,node limit,4,8000,0.557321164,4.930610636,63.225219616,11.138121444,0.168,0.45,0.45,0.45,0.352515214,0.349132962,0.328387266,0.328387266,0,ST_S1@k=9,OBS_WALL_NORTH@k=7,OBS_WALL_SOUTH@k=6
alloc201-m0.45,sigma0.09-seed0,166,166,TrialState.SUCCESSFUL|SHUT_DOWN,63.16131568,2-0-1,0.45,0.09,0,1,node limit,4,8000,0.557321164,4.930610636,62.659055414,11.138121444,0.168,0.45,0.45,0.45,0.090820635,0.247516877,0.090820635,0.090820635,0,"sep(1,3)@k=8",OBS_WALL_NORTH@k=7,"sep(1,3)@k=8"
alloc201-m0.45,sigma0.09-seed1,167,167,TrialState.SUCCESSFUL|SHUT_DOWN,63.148488998,2-0-1,0.45,0.09,1,1,node limit,4,8000,0.557321164,4.930610636,62.685671777,11.138121444,0.168,0.45,0.45,0.45,0.20746041,0.330802896,0.20746041,0.20746041,0,"sep(1,3)@k=14",OBS_WALL_MID@k=6,"sep(1,3)@k=14"
alloc201-m0.45,sigma0.09-seed2,168,168,TrialState.SUCCESSFUL|SHUT_DOWN,63.160463572,2-0-1,0.45,0.09,2,1,node limit,4,8000,0.557321164,4.930610636,62.353652141,11.138121444,0.168,0.45,0.45,0.45,0.303772822,0.298699443,0.262803453,0.262803453,0,ST_S1@k=9,OBS_WALL_NORTH@k=7,OBS_WALL_SOUTH@k=6
alloc201-m0.45,sigma0.12-seed0,169,169,TrialState.SUCCESSFUL|SHUT_DOWN,63.151298523,2-0-1,0.45,0.12,0,1,node limit,4,8000,0.557321164,4.930610636,62.654951928,11.138121444,0.168,0.45,0.45,0.45,-0.014629637,0.165439706,-0.014629637,-0.014629637,2,"sep(1,3)@k=8",OBS_WALL_NORTH@k=6,"sep(1,3)@k=8"
alloc201-m0.45,sigma0.12-seed1,170,170,TrialState.SUCCESSFUL|SHUT_DOWN,63.15968442,2-0-1,0.45,0.12,1,1,node limit,4,8000,0.557321164,4.930610636,62.343639921,11.138121444,0.168,0.45,0.45,0.45,0.126613881,0.291070528,0.126613881,0.126613881,0,"sep(1,3)@k=14",OBS_WALL_MID@k=6,"sep(1,3)@k=14"
alloc201-m0.45,sigma0.12-seed2,171,171,TrialState.SUCCESSFUL|SHUT_DOWN,63.154797792,2-0-1,0.45,0.12,2,1,node limit,4,8000,0.557321164,4.930610636,62.613901848,11.138121444,0.168,0.45,0.45,0.45,0.245364377,0.245902123,0.197219639,0.197219639,0,ST_C2@k=16,"sep(1,2)@k=2",OBS_WALL_SOUTH@k=6
alloc201-m0.5,sigma0.06-seed0,172,172,TrialState.SUCCESSFUL|SHUT_DOWN,1.002424479,2-0-1,0.5,0.06,0,0,infeasible,2,,,,0.012013796,,,,,,,,,,,,,
alloc201-m0.5,sigma0.06-seed1,173,173,TrialState.SUCCESSFUL|SHUT_DOWN,1.002331257,2-0-1,0.5,0.06,1,0,infeasible,2,,,,0.012445261,,,,,,,,,,,,,
alloc201-m0.5,sigma0.06-seed2,174,174,TrialState.SUCCESSFUL|SHUT_DOWN,1.00232482,2-0-1,0.5,0.06,2,0,infeasible,2,,,,0.012078608,,,,,,,,,,,,,
alloc201-m0.5,sigma0.09-seed0,175,175,TrialState.SUCCESSFUL|SHUT_DOWN,1.002413034,2-0-1,0.5,0.09,0,0,infeasible,2,,,,0.012299185,,,,,,,,,,,,,
alloc201-m0.5,sigma0.09-seed1,176,176,TrialState.SUCCESSFUL|SHUT_DOWN,1.00238657,2-0-1,0.5,0.09,1,0,infeasible,2,,,,0.012051978,,,,,,,,,,,,,
alloc201-m0.5,sigma0.09-seed2,177,177,TrialState.SUCCESSFUL|SHUT_DOWN,1.002009153,2-0-1,0.5,0.09,2,0,infeasible,2,,,,0.012257586,,,,,,,,,,,,,
alloc201-m0.5,sigma0.12-seed0,178,178,TrialState.SUCCESSFUL|SHUT_DOWN,1.001810789,2-0-1,0.5,0.12,0,0,infeasible,2,,,,0.011896033,,,,,,,,,,,,,
alloc201-m0.5,sigma0.12-seed1,179,179,TrialState.SUCCESSFUL|SHUT_DOWN,1.00234127,2-0-1,0.5,0.12,1,0,infeasible,2,,,,0.012173748,,,,,,,,,,,,,
alloc201-m0.5,sigma0.12-seed2,180,180,TrialState.SUCCESSFUL|SHUT_DOWN,1.002367973,2-0-1,0.5,0.12,2,0,infeasible,2,,,,0.012973309,,,,,,,,,,,,,
alloc210-m0.15,sigma0.06-seed0,181,181,TrialState.SUCCESSFUL|SHUT_DOWN,68.673215628,2-1-0,0.15,0.06,0,1,node limit,4,8000,0.445320856,3.563904748,67.842300021,6.425164503,-0.06,0.15,0.15,0.15,-0.041646078,0.078917682,-0.077985442,-0.077985442,2,OBS_WALL_SOUTH@k=9,"sep(2,3)@k=3",ST_N2@k=14
alloc210-m0.15,sigma0.06-seed1,182,182,TrialState.SUCCESSFUL|SHUT_DOWN,68.670247555,2-1-0,0.15,0.06,1,1,node limit,4,8000,0.445320856,3.563904748,67.961790403,6.425164503,-0.06,0.15,0.15,0.15,0.042983537,0.142148621,0.059450109,0.042983537,0,ST_C2@k=16,ST_C1@k=9,"sep(1,3)@k=5"
alloc210-m0.15,sigma0.06-seed2,183,183,TrialState.SUCCESSFUL|SHUT_DOWN,68.662012815,2-1-0,0.15,0.06,2,1,node limit,4,8000,0.445320856,3.563904748,67.844722759,6.425164503,-0.06,0.15,0.15,0.15,0.025930747,0.051220215,0.051220215,0.025930747,0,ST_C2@k=16,"sep(2,3)@k=4","sep(2,3)@k=4"
alloc210-m0.15,sigma0.09-seed0,184,184,TrialState.SUCCESSFUL|SHUT_DOWN,68.662955046,2-1-0,0.15,0.09,0,1,node limit,4,8000,0.445320856,3.563904748,68.00079984,6.425164503,-0.06,0.15,0.15,0.15,-0.137469117,-0.001922622,-0.169084895,-0.169084895,3,OBS_WALL_SOUTH@k=9,"sep(2,3)@k=3",ST_N2@k=13
alloc210-m0.15,sigma0.09-seed1,185,185,TrialState.SUCCESSFUL|SHUT_DOWN,68.655870438,2-1-0,0.15,0.09,1,1,node limit,4,8000,0.445320856,3.563904748,68.201335596,6.425164503,-0.06,0.15,0.15,0.15,-0.010524694,0.138222932,0.014175163,-0.010524694,1,ST_C2@k=16,ST_C1@k=9,"sep(1,3)@k=5"
alloc210-m0.15,sigma0.09-seed2,186,186,TrialState.SUCCESSFUL|SHUT_DOWN,68.676269293,2-1-0,0.15,0.09,2,1,node limit,4,8000,0.445320856,3.563904748,68.212458878,6.425164503,-0.06,0.15,0.15,0.15,-0.03610388,-0.020819251,-0.020819251,-0.03610388,3,ST_C2@k=16,"sep(2,3)@k=4","sep(2,3)@k=4"
alloc210-m0.15,sigma0.12-seed0,187,187,TrialState.SUCCESSFUL|SHUT_DOWN,68.660783291,2-1-0,0.15,0.12,0,1,node limit,4,8000,0.445320856,3.563904748,68.010383022,6.425164503,-0.06,0.15,0.15,0.15,-0.233292156,-0.082762926,-0.186984988,-0.233292156,3,OBS_WALL_SOUTH@k=9,"sep(2,3)@k=3",ST_N2@k=13
alloc210-m0.15,sigma0.12-seed1,188,188,TrialState.SUCCESSFUL|SHUT_DOWN,68.657877684,2-1-0,0.15,0.12,1,1,node limit,4,8000,0.445320856,3.563904748,68.152097678,6.425164503,-0.06,0.15,0.15,0.15,-0.064032926,0.134297242,-0.031099783,-0.064032926,2,ST_C2@k=16,ST_C1@k=9,"sep(1,3)@k=5"
alloc210-m0.15,sigma0.12-seed2,189,189,TrialState.SUCCESSFUL|SHUT_DOWN,68.663320065,2-1-0,0.15,0.12,2,1,node limit,4,8000,0.445320856,3.563904748,68.103966951,6.425164503,-0.06,0.15,0.15,0.15,-0.098138506,-0.092858716,-0.092858716,-0.098138506,3,ST_C2@k=16,"sep(2,3)@k=4","sep(2,3)@k=4"
alloc210-m0.35,sigma0.06-seed0,190,190,TrialState.SUCCESSFUL|SHUT_DOWN,46.118221283,2-1-0,0.35,0.06,0,1,node limit,4,8000,0.601846798,4.155828029,45.720980274,10.437761169,0.085290678,0.35,0.35,0.35,0.180501804,0.141118773,0.183098818,0.141118773,0,"sep(1,2)@k=12",OBS_PILLAR@k=11,ST_N2@k=13
alloc210-m0.35,sigma0.06-seed1,191,191,TrialState.SUCCESSFUL|SHUT_DOWN,46.111606598,2-1-0,0.35,0.06,1,1,node limit,4,8000,0.601846798,4.155828029,45.633502595,10.437761169,0.085290678,0.35,0.35,0.35,0.153998329,0.153998329,0.264158331,0.153998329,0,"sep(1,2)@k=13","sep(1,2)@k=13",ST_N1@k=10
alloc210-m0.35,sigma0.06-seed2,192,192,TrialState.SUCCESSFUL|SHUT_DOWN,46.108234406,2-1-0,0.35,0.06,2,1,node limit,4,8000,0.601846798,4.155828029,45.596430609,10.437761169,0.085290678,0.35,0.35,0.35,0.185259759,0.187903189,0.193573754,0.185259759,0,ST_C2@k=15,"sep(1,2)@k=3","sep(2,3)@k=4"
alloc210-m0.35,sigma0.09-seed0,193,193,TrialState.SUCCESSFUL|SHUT_DOWN,46.104003906,2-1-0,0.35,0.09,0,1,node limit,4,8000,0.601846798,4.155828029,45.585756945,10.437761169,0.085290678,0.35,0.35,0.35,0.20487178,0.107479087,0.099648227,0.099648227,0,"sep(1,2)@k=12","sep(2,3)@k=3",ST_N2@k=13
alloc210-m0.35,sigma0.09-seed1,194,194,TrialState.SUCCESSFUL|SHUT_DOWN,46.617422581,2-1-0,0.35,0.09,1,1,node limit,4,8000,0.601846798,4.155828029,45.831597946,10.437761169,0.085290678,0.35,0.35,0.35,0.018497493,0.018497493,0.221237497,0.018497493,0,"sep(1,2)@k=13","sep(1,2)@k=13",ST_N1@k=10
alloc210-m0.35,sigma0.09-seed2,195,195,TrialState.SUCCESSFUL|SHUT_DOWN,46.610230446,2-1-0,0.35,0.09,2,1,node limit,4,8000,0.601846798,4.155828029,46.059468213,10.437761169,0.085290678,0.35,0.35,0.35,0.102889639,0.109768322,0.121534288,0.102889639,0,ST_C2@k=15,OBS_WALL_MID@k=8,"sep(2,3)@k=4"
alloc210-m0.35,sigma0.12-seed0,196,196,TrialState.SUCCESSFUL|SHUT_DOWN,48.115138292,2-1-0,0.35,0.12,0,1,node limit,4,8000,0.601846798,4.155828029,47.614678639,10.437761169,0.085290678,0.35,0.35,0.35,0.141693852,0.026638783,0.016197637,0.016197637,0,"sep(1,2)@k=7","sep(2,3)@k=3",ST_N2@k=13
alloc210-m0.35,sigma0.12-seed1,197,197,TrialState.SUCCESSFUL|SHUT_DOWN,48.625852585,2-1-0,0.35,0.12,1,1,node limit,4,8000,0.601846798,4.155828029,47.804467725,10.437761169,0.085290678,0.35,0.35,0.35,-0.117003343,-0.117003343,0.178316663,-0.117003343,2,"sep(1,2)@k=13","sep(1,2)@k=13",ST_N1@k=10
alloc210-m0.35,sigma0.12-seed2,198,198,TrialState.SUCCESSFUL|SHUT_DOWN,49.622586966,2-1-0,0.35,0.12,2,1,node limit,4,8000,0.601846798,4.155828029,48.864375654,10.437761169,0.085290678,0.35,0.35,0.35,0.020519519,0.029691096,0.049494823,0.020519519,0,ST_C2@k=15,OBS_WALL_MID@k=8,"sep(2,3)@k=4"
alloc210-m0.45,sigma0.06-seed0,199,199,TrialState.SUCCESSFUL|SHUT_DOWN,58.682585955,2-1-0,0.45,0.06,0,1,node limit,4,8000,0.614960233,5.214100673,58.106695201,13.541719903,0.205083268,0.45,0.45,0.45,0.258353922,0.257719853,0.252122086,0.252122086,0,OBS_WALL_SOUTH@k=9,OBS_WALL_MID@k=6,ST_N2@k=15
alloc210-m0.45,sigma0.06-seed1,200,200,TrialState.SUCCESSFUL|SHUT_DOWN,58.645541906,2-1-0,0.45,0.06,1,1,node limit,4,8000,0.614960233,5.214100673,57.907321531,13.541719903,0.205083268,0.45,0.45,0.45,0.336329591,0.333266351,0.364158331,0.333266351,0,"sep(1,2)@k=13",ST_S2@k=16,ST_N1@k=10
alloc210-m0.45,sigma0.06-seed2,201,201,TrialState.SUCCESSFUL|SHUT_DOWN,59.146938086,2-1-0,0.45,0.06,2,1,node limit,4,8000,0.614960233,5.214100673,58.341102672,13.541719903,0.205083268,0.45,0.45,0.45,0.341491576,0.343528344,0.397446558,0.341491576,0,OBS_WALL_MID@k=6,ST_C1@k=10,"sep(1,3)@k=4"
alloc210-m0.45,sigma0.09-seed0,202,202,TrialState.SUCCESSFUL|SHUT_DOWN,58.146382332,2-1-0,0.45,0.09,0,1,node limit,4,8000,0.614960233,5.214100673,57.652476072,13.541719903,0.205083268,0.45,0.45,0.45,0.162530883,0.16157978,0.207066748,0.16157978,0,OBS_WALL_SOUTH@k=9,OBS_WALL_MID@k=6,ST_N2@k=15
alloc210-m0.45,sigma0.09-seed1,203,203,TrialState.SUCCESSFUL|SHUT_DOWN,57.659039021,2-1-0,0.45,0.09,1,1,node limit,4,8000,0.614960233,5.214100673,56.801756912,13.541719903,0.205083268,0.45,0.45,0.45,0.200828756,0.200828756,0.321237497,0.200828756,0,"sep(1,2)@k=13","sep(1,2)@k=13",ST_N1@k=10
alloc210-m0.45,sigma0.09-seed2,204,204,TrialState.SUCCESSFUL|SHUT_DOWN,56.133340359,2-1-0,0.45,0.09,2,1,node limit,4,8000,0.614960233,5.214100673,55.514480544,13.541719903,0.205083268,0.45,0.45,0.45,0.259386756,0.304913211,0.371169836,0.259386756,0,ST_C2@k=15,ST_C1@k=10,"sep(1,3)@k=4"
alloc210-m0.45,sigma0.12-seed0,205,205,TrialState.SUCCESSFUL|SHUT_DOWN,55.640208244,2-1-0,0.45,0.12,0,1,node limit,4,8000,0.614960233,5.214100673,55.200937129,13.541719903,0.205083268,0.45,0.45,0.45,0.066707844,0.065439706,0.13793707,0.065439706,0,OBS_WALL_SOUTH@k=9,OBS_WALL_MID@k=6,ST_N2@k=15
alloc210-m0.45,sigma0.12-seed1,206,206,TrialState.SUCCESSFUL|SHUT_DOWN,54.643395901,2-1-0,0.45,0.12,1,1,node limit,4,8000,0.614960233,5.214100673,53.782979006,13.541719903,0.205083268,0.45,0.45,0.45,0.06532792,0.06532792,0.278316663,0.06532792,0,"sep(1,2)@k=13","sep(1,2)@k=13",ST_N1@k=10
alloc210-m0.45,sigma0.12-seed2,207,207,TrialState.SUCCESSFUL|SHUT_DOWN,54.129421473,2-1-0,0.45,0.12,2,1,node limit,4,8000,0.614960233,5.214100673,53.370216109,13.541719903,0.205083268,0.45,0.45,0.45,0.177016635,0.254669974,0.344893115,0.177016635,0,ST_C2@k=15,OBS_WALL_MID@k=5,"sep(1,3)@k=4"
alloc210-m0.5,sigma0.06-seed0,208,208,TrialState.SUCCESSFUL|SHUT_DOWN,1.002430439,2-1-0,0.5,0.06,0,0,infeasible,2,,,,0.011388524,,,,,,,,,,,,,
alloc210-m0.5,sigma0.06-seed1,209,209,TrialState.SUCCESSFUL|SHUT_DOWN,1.002460241,2-1-0,0.5,0.06,1,0,infeasible,2,,,,0.011572081,,,,,,,,,,,,,
alloc210-m0.5,sigma0.06-seed2,210,210,TrialState.SUCCESSFUL|SHUT_DOWN,1.002317429,2-1-0,0.5,0.06,2,0,infeasible,2,,,,0.011953011,,,,,,,,,,,,,
alloc210-m0.5,sigma0.09-seed0,211,211,TrialState.SUCCESSFUL|SHUT_DOWN,1.002478361,2-1-0,0.5,0.09,0,0,infeasible,2,,,,0.011368727,,,,,,,,,,,,,
alloc210-m0.5,sigma0.09-seed1,212,212,TrialState.SUCCESSFUL|SHUT_DOWN,1.002376556,2-1-0,0.5,0.09,1,0,infeasible,2,,,,0.011630762,,,,,,,,,,,,,
alloc210-m0.5,sigma0.09-seed2,213,213,TrialState.SUCCESSFUL|SHUT_DOWN,1.002364635,2-1-0,0.5,0.09,2,0,infeasible,2,,,,0.01162992,,,,,,,,,,,,,
alloc210-m0.5,sigma0.12-seed0,214,214,TrialState.SUCCESSFUL|SHUT_DOWN,1.002114773,2-1-0,0.5,0.12,0,0,infeasible,2,,,,0.011317941,,,,,,,,,,,,,
alloc210-m0.5,sigma0.12-seed1,215,215,TrialState.SUCCESSFUL|SHUT_DOWN,1.002264738,2-1-0,0.5,0.12,1,0,infeasible,2,,,,0.0113283,,,,,,,,,,,,,
alloc210-m0.5,sigma0.12-seed2,216,216,TrialState.SUCCESSFUL|SHUT_DOWN,1.002429724,2-1-0,0.5,0.12,2,0,infeasible,2,,,,0.012804039,,,,,,,,,,,,,
