design,environment,experiment_id,trial_id,state,wall_seconds,clutter,visibility,seed,n_draws,n_rocks,success_rate,collision_rate,time_to_goal,tortuosity,detection_distance,battery_soc,path_length,detection_rate,stall_rate,replans,cost,power,ram
design-2185,c0.2-v0.4-s1,59,59,TrialState.SUCCESSFUL|SHUT_DOWN,1.000966,0.2,0.4,1,12,21,1.0,0.0,37.234019,1.032487,16.58207,0.92305,37.234019,0.960317,0.0,8,19000.0,124.000161,7967.4
design-2185,c0.2-v0.4-s2,60,60,TrialState.SUCCESSFUL|SHUT_DOWN,1.001338,0.2,0.4,2,12,21,1.0,0.0,39.814601,1.104046,16.503362,0.917716,39.814601,0.996032,0.0,9,19000.0,124.000161,7967.4
design-2185,c0.2-v0.4-s3,61,61,TrialState.SUCCESSFUL|SHUT_DOWN,1.001001,0.2,0.4,3,12,21,1.0,0.0,37.234019,1.032487,16.362501,0.92305,37.234019,0.97619,0.0,8,19000.0,124.000161,7967.4
design-2185,c0.2-v1.0-s1,56,56,TrialState.SUCCESSFUL|SHUT_DOWN,1.001792,0.2,1.0,1,12,21,1.0,0.0,37.234019,1.032487,18.633312,0.92305,37.234019,0.964286,0.0,8,19000.0,124.000161,7967.4
design-2185,c0.2-v1.0-s2,57,57,TrialState.SUCCESSFUL|SHUT_DOWN,1.001168,0.2,1.0,2,12,21,1.0,0.0,39.461048,1.094242,18.646553,0.918447,39.461048,0.992063,0.0,9,19000.0,124.000161,7967.4
design-2185,c0.2-v1.0-s3,58,58,TrialState.SUCCESSFUL|SHUT_DOWN,1.001404,0.2,1.0,3,12,21,1.0,0.0,37.234019,1.032487,18.231861,0.92305,37.234019,0.980159,0.0,8,19000.0,124.000161,7967.4
design-2185,c0.5-v0.4-s1,65,65,TrialState.SUCCESSFUL|SHUT_DOWN,1.000747,0.5,0.4,1,12,34,1.0,0.0,37.234019,1.032487,16.688763,0.92305,37.234019,0.968137,0.0,7,19000.0,124.000161,7967.4
design-2185,c0.5-v0.4-s2,66,66,TrialState.SUCCESSFUL|SHUT_DOWN,1.001676,0.5,0.4,2,12,34,1.0,0.0,38.991378,1.081218,15.643671,0.919418,38.991378,0.97549,0.0,8,19000.0,124.000161,7967.4
design-2185,c0.5-v0.4-s3,67,67,TrialState.SUCCESSFUL|SHUT_DOWN,1.000919,0.5,0.4,3,12,34,1.0,0.0,37.819805,1.048731,16.529817,0.921839,37.819805,0.960784,0.0,7,19000.0,124.000161,7967.4
design-2185,c0.5-v1.0-s1,62,62,TrialState.SUCCESSFUL|SHUT_DOWN,1.001585,0.5,1.0,1,12,34,1.0,0.0,37.234019,1.032487,18.893334,0.92305,37.234019,0.968137,0.0,7,19000.0,124.000161,7967.4
design-2185,c0.5-v1.0-s2,63,63,TrialState.SUCCESSFUL|SHUT_DOWN,1.001418,0.5,1.0,2,12,34,1.0,0.0,38.991378,1.081218,17.952552,0.919418,38.991378,0.982843,0.0,8,19000.0,124.000161,7967.4
design-2185,c0.5-v1.0-s3,64,64,TrialState.SUCCESSFUL|SHUT_DOWN,1.001067,0.5,1.0,3,12,34,1.0,0.0,37.819805,1.048731,18.354403,0.921839,37.819805,0.965686,0.0,7,19000.0,124.000161,7967.4
design-2185,c0.8-v0.4-s1,71,71,TrialState.SUCCESSFUL|SHUT_DOWN,1.001273,0.8,0.4,1,12,46,1.0,0.0,43.748737,1.213138,16.566226,0.909586,43.748737,0.963768,0.0,11,19000.0,124.000161,7967.4
design-2185,c0.8-v0.4-s2,72,72,TrialState.SUCCESSFUL|SHUT_DOWN,1.001106,0.8,0.4,2,12,44,0.833333,0.166667,56.179702,1.557845,16.633632,0.883895,56.179702,0.909091,0.0,9,19000.0,124.000161,7967.4
design-2185,c0.8-v0.4-s3,73,73,TrialState.SUCCESSFUL|SHUT_DOWN,1.002482,0.8,0.4,3,12,46,1.0,0.0,46.213203,1.281477,16.607017,0.904493,46.213203,0.978261,0.0,11,19000.0,124.000161,7967.4
design-2185,c0.8-v1.0-s1,68,68,TrialState.SUCCESSFUL|SHUT_DOWN,1.001407,0.8,1.0,1,12,46,1.0,0.0,43.748737,1.213138,19.009343,0.909586,43.748737,0.971014,0.0,9,19000.0,124.000161,7967.4
design-2185,c0.8-v1.0-s2,69,69,TrialState.SUCCESSFUL|SHUT_DOWN,1.001948,0.8,1.0,2,12,44,1.0,0.0,43.698485,1.211745,18.79834,0.90969,43.698485,1.0,0.0,7,19000.0,124.000161,7967.4
design-2185,c0.8-v1.0-s3,70,70,TrialState.SUCCESSFUL|SHUT_DOWN,1.001229,0.8,1.0,3,12,46,1.0,0.0,45.944718,1.274032,18.617994,0.905047,45.944718,0.972826,0.0,10,19000.0,124.000161,7967.4
design-4,c0.2-v0.4-s1,95,95,TrialState.SUCCESSFUL|SHUT_DOWN,1.000487,0.2,0.4,1,12,21,0.0,1.0,120.0,3.327561,2.139376,0.98,120.0,0.035714,0.0,0,3000.0,10.000064,2332.8
design-4,c0.2-v0.4-s2,96,96,TrialState.SUCCESSFUL|SHUT_DOWN,1.000859,0.2,0.4,2,12,21,0.0,1.0,120.0,3.327561,2.12579,0.98,120.0,0.039683,0.0,0,3000.0,10.000064,2332.8
design-4,c0.2-v0.4-s3,97,97,TrialState.SUCCESSFUL|SHUT_DOWN,1.000718,0.2,0.4,3,12,21,0.0,1.0,120.0,3.327561,1.736462,0.98,120.0,0.027778,0.0,0,3000.0,10.000064,2332.8
design-4,c0.2-v1.0-s1,92,92,TrialState.SUCCESSFUL|SHUT_DOWN,1.000652,0.2,1.0,1,12,21,1.0,0.0,37.234019,1.032487,5.714563,0.993794,37.234019,0.281746,0.0,4,3000.0,10.000064,2332.8
design-4,c0.2-v1.0-s2,93,93,TrialState.SUCCESSFUL|SHUT_DOWN,1.001326,0.2,1.0,2,12,21,1.0,0.0,40.405592,1.120434,5.356006,0.993266,40.405592,0.511905,0.0,8,3000.0,10.000064,2332.8
design-4,c0.2-v1.0-s3,94,94,TrialState.SUCCESSFUL|SHUT_DOWN,1.001414,0.2,1.0,3,12,21,1.0,0.0,37.234019,1.032487,5.744961,0.993794,37.234019,0.22619,0.0,5,3000.0,10.000064,2332.8
design-4,c0.5-v0.4-s1,101,101,TrialState.SUCCESSFUL|SHUT_DOWN,1.001256,0.5,0.4,1,12,34,0.0,1.0,120.0,3.327561,2.139376,0.98,120.0,0.019608,0.0,0,3000.0,10.000064,2332.8
design-4,c0.5-v0.4-s2,102,102,TrialState.SUCCESSFUL|SHUT_DOWN,1.000561,0.5,0.4,2,12,34,0.0,1.0,120.0,3.327561,2.005615,0.98,120.0,0.029412,0.0,0,3000.0,10.000064,2332.8
design-4,c0.5-v0.4-s3,103,103,TrialState.SUCCESSFUL|SHUT_DOWN,1.001276,0.5,0.4,3,12,34,0.0,1.0,120.0,3.327561,0.0,0.98,120.0,0.0,0.0,0,3000.0,10.000064,2332.8
design-4,c0.5-v1.0-s1,98,98,TrialState.SUCCESSFUL|SHUT_DOWN,1.000769,0.5,1.0,1,12,34,1.0,0.0,38.698485,1.073097,5.671451,0.99355,38.698485,0.377451,0.0,7,3000.0,10.000064,2332.8
design-4,c0.5-v1.0-s2,99,99,TrialState.SUCCESSFUL|SHUT_DOWN,1.001123,0.5,1.0,2,12,34,1.0,0.0,38.991378,1.081218,5.094269,0.993501,38.991378,0.526961,0.0,7,3000.0,10.000064,2332.8
design-4,c0.5-v1.0-s3,100,100,TrialState.SUCCESSFUL|SHUT_DOWN,1.001278,0.5,1.0,3,12,34,1.0,0.0,38.234019,1.060217,5.434422,0.993628,38.234019,0.321078,0.0,7,3000.0,10.000064,2332.8
design-4,c0.8-v0.4-s1,107,107,TrialState.SUCCESSFUL|SHUT_DOWN,1.001581,0.8,0.4,1,12,46,0.0,1.0,120.0,3.327561,2.139376,0.98,120.0,0.014493,0.0,0,3000.0,10.000064,2332.8
design-4,c0.8-v0.4-s2,108,108,TrialState.SUCCESSFUL|SHUT_DOWN,1.001179,0.8,0.4,2,12,44,0.0,1.0,120.0,3.327561,2.061533,0.98,120.0,0.020833,0.0,0,3000.0,10.000064,2332.8
design-4,c0.8-v0.4-s3,109,109,TrialState.SUCCESSFUL|SHUT_DOWN,1.001234,0.8,0.4,3,12,46,0.0,1.0,120.0,3.327561,1.736462,0.98,120.0,0.019928,0.0,0,3000.0,10.000064,2332.8
design-4,c0.8-v1.0-s1,104,104,TrialState.SUCCESSFUL|SHUT_DOWN,1.00093,0.8,1.0,1,12,46,1.0,0.0,43.577164,1.208381,5.328032,0.992737,43.577164,0.496377,0.0,9,3000.0,10.000064,2332.8
design-4,c0.8-v1.0-s2,105,105,TrialState.SUCCESSFUL|SHUT_DOWN,1.001399,0.8,1.0,2,12,44,0.916667,0.083333,53.140575,1.473571,5.421464,0.991143,53.140575,0.545455,0.0,9,3000.0,10.000064,2332.8
design-4,c0.8-v1.0-s3,106,106,TrialState.SUCCESSFUL|SHUT_DOWN,1.001305,0.8,1.0,3,12,46,0.0,1.0,120.0,3.327561,5.324291,0.98,120.0,0.407609,0.0,9,3000.0,10.000064,2332.8
design-4234,c0.2-v0.4-s1,5,5,TrialState.SUCCESSFUL|SHUT_DOWN,1.001666,0.2,0.4,1,12,21,1.0,0.0,37.234019,1.032487,13.920096,0.924911,37.234019,0.948413,0.0,8,15500.0,121.000106,7698.15
design-4234,c0.2-v0.4-s2,6,6,TrialState.SUCCESSFUL|SHUT_DOWN,1.001629,0.2,0.4,2,12,21,1.0,0.0,39.991378,1.108948,13.892746,0.919351,39.991378,0.984127,0.0,9,15500.0,121.000106,7698.15
design-4234,c0.2-v0.4-s3,7,7,TrialState.SUCCESSFUL|SHUT_DOWN,1.001363,0.2,0.4,3,12,21,1.0,0.0,37.234019,1.032487,13.911337,0.924911,37.234019,0.956349,0.0,8,15500.0,121.000106,7698.15
design-4234,c0.2-v1.0-s1,2,2,TrialState.SUCCESSFUL|SHUT_DOWN,1.001375,0.2,1.0,1,12,21,1.0,0.0,37.234019,1.032487,17.247084,0.924911,37.234019,0.956349,0.0,8,15500.0,121.000106,7698.15
design-4234,c0.2-v1.0-s2,3,3,TrialState.SUCCESSFUL|SHUT_DOWN,1.001333,0.2,1.0,2,12,21,1.0,0.0,39.461048,1.094242,16.968764,0.92042,39.461048,0.980159,0.0,9,15500.0,121.000106,7698.15
design-4234,c0.2-v1.0-s3,4,4,TrialState.SUCCESSFUL|SHUT_DOWN,1.000766,0.2,1.0,3,12,21,1.0,0.0,37.234019,1.032487,16.958267,0.924911,37.234019,0.968254,0.0,7,15500.0,121.000106,7698.15
design-4234,c0.5-v0.4-s1,11,11,TrialState.SUCCESSFUL|SHUT_DOWN,1.001424,0.5,0.4,1,12,34,1.0,0.0,37.478096,1.039256,13.906843,0.924419,37.478096,0.968137,0.0,9,15500.0,121.000106,7698.15
design-4234,c0.5-v0.4-s2,12,12,TrialState.SUCCESSFUL|SHUT_DOWN,1.001831,0.5,0.4,2,12,34,1.0,0.0,38.991378,1.081218,12.774181,0.921367,38.991378,0.953431,0.0,9,15500.0,121.000106,7698.15
design-4234,c0.5-v0.4-s3,13,13,TrialState.SUCCESSFUL|SHUT_DOWN,1.000858,0.5,0.4,3,12,34,1.0,0.0,37.819805,1.048731,13.94859,0.92373,37.819805,0.946078,0.0,8,15500.0,121.000106,7698.15
design-4234,c0.5-v1.0-s1,8,8,TrialState.SUCCESSFUL|SHUT_DOWN,1.001365,0.5,1.0,1,12,34,1.0,0.0,37.258426,1.033164,17.03657,0.924862,37.258426,0.965686,0.0,9,15500.0,121.000106,7698.15
design-4234,c0.5-v1.0-s2,9,9,TrialState.SUCCESSFUL|SHUT_DOWN,1.000921,0.5,1.0,2,12,34,1.0,0.0,38.991378,1.081218,15.724919,0.921367,38.991378,0.973039,0.0,8,15500.0,121.000106,7698.15
design-4234,c0.5-v1.0-s3,10,10,TrialState.SUCCESSFUL|SHUT_DOWN,1.001312,0.5,1.0,3,12,34,1.0,0.0,37.819805,1.048731,16.513608,0.92373,37.819805,0.963235,0.0,8,15500.0,121.000106,7698.15
design-4234,c0.8-v0.4-s1,17,17,TrialState.SUCCESSFUL|SHUT_DOWN,1.002367,0.8,0.4,1,12,46,1.0,0.0,43.748737,1.213138,13.966393,0.911773,43.748737,0.961957,0.0,12,15500.0,121.000106,7698.15
design-4234,c0.8-v0.4-s2,18,18,TrialState.SUCCESSFUL|SHUT_DOWN,1.002389,0.8,0.4,2,12,44,0.833333,0.166667,56.179702,1.557845,14.134318,0.886704,56.179702,0.859848,0.0,12,15500.0,121.000106,7698.15
design-4234,c0.8-v0.4-s3,19,19,TrialState.SUCCESSFUL|SHUT_DOWN,1.001455,0.8,0.4,3,12,46,1.0,0.0,46.454828,1.288177,14.00499,0.906316,46.454828,0.956522,0.0,11,15500.0,121.000106,7698.15
design-4234,c0.8-v1.0-s1,14,14,TrialState.SUCCESSFUL|SHUT_DOWN,1.002795,0.8,1.0,1,12,46,1.0,0.0,43.748737,1.213138,17.297098,0.911773,43.748737,0.960145,0.0,11,15500.0,121.000106,7698.15
design-4234,c0.8-v1.0-s2,15,15,TrialState.SUCCESSFUL|SHUT_DOWN,1.001372,0.8,1.0,2,12,44,1.0,0.0,43.698485,1.211745,16.902448,0.911875,43.698485,0.975379,0.0,9,15500.0,121.000106,7698.15
design-4234,c0.8-v1.0-s3,16,16,TrialState.SUCCESSFUL|SHUT_DOWN,1.002365,0.8,1.0,3,12,46,1.0,0.0,46.213203,1.281477,16.858867,0.906803,46.213203,0.976449,0.0,11,15500.0,121.000106,7698.15
design-4370,c0.2-v0.4-s1,77,77,TrialState.SUCCESSFUL|SHUT_DOWN,1.001553,0.2,0.4,1,12,21,1.0,0.0,37.234019,1.032487,13.920978,0.924911,37.234019,0.944444,0.0,8,14500.0,121.000073,7036.65
design-4370,c0.2-v0.4-s2,78,78,TrialState.SUCCESSFUL|SHUT_DOWN,1.00105,0.2,0.4,2,12,21,1.0,0.0,39.991378,1.108948,13.892746,0.919351,39.991378,0.984127,0.0,9,14500.0,121.000073,7036.65
design-4370,c0.2-v0.4-s3,79,79,TrialState.SUCCESSFUL|SHUT_DOWN,1.001178,0.2,0.4,3,12,21,1.0,0.0,37.234019,1.032487,13.906314,0.924911,37.234019,0.956349,0.0,8,14500.0,121.000073,7036.65
design-4370,c0.2-v1.0-s1,74,74,TrialState.SUCCESSFUL|SHUT_DOWN,1.001403,0.2,1.0,1,12,21,1.0,0.0,37.234019,1.032487,17.255815,0.924911,37.234019,0.952381,0.0,8,14500.0,121.000073,7036.65
design-4370,c0.2-v1.0-s2,75,75,TrialState.SUCCESSFUL|SHUT_DOWN,1.001019,0.2,1.0,2,12,21,1.0,0.0,39.637825,1.099144,17.022734,0.920064,39.637825,0.984127,0.0,8,14500.0,121.000073,7036.65
design-4370,c0.2-v1.0-s3,76,76,TrialState.SUCCESSFUL|SHUT_DOWN,1.000808,0.2,1.0,3,12,21,1.0,0.0,37.234019,1.032487,16.953306,0.924911,37.234019,0.968254,0.0,7,14500.0,121.000073,7036.65
design-4370,c0.5-v0.4-s1,83,83,TrialState.SUCCESSFUL|SHUT_DOWN,1.003953,0.5,0.4,1,12,34,1.0,0.0,37.478096,1.039256,13.895804,0.924419,37.478096,0.968137,0.0,10,14500.0,121.000073,7036.65
design-4370,c0.5-v0.4-s2,84,84,TrialState.SUCCESSFUL|SHUT_DOWN,1.001575,0.5,0.4,2,12,34,1.0,0.0,38.991378,1.081218,12.772814,0.921367,38.991378,0.953431,0.0,9,14500.0,121.000073,7036.65
design-4370,c0.5-v0.4-s3,85,85,TrialState.SUCCESSFUL|SHUT_DOWN,1.001568,0.5,0.4,3,12,34,1.0,0.0,37.819805,1.048731,13.947638,0.92373,37.819805,0.946078,0.0,8,14500.0,121.000073,7036.65
design-4370,c0.5-v1.0-s1,80,80,TrialState.SUCCESSFUL|SHUT_DOWN,1.001283,0.5,1.0,1,12,34,1.0,0.0,37.258426,1.033164,17.029618,0.924862,37.258426,0.965686,0.0,9,14500.0,121.000073,7036.65
design-4370,c0.5-v1.0-s2,81,81,TrialState.SUCCESSFUL|SHUT_DOWN,1.001612,0.5,1.0,2,12,34,1.0,0.0,38.991378,1.081218,15.723828,0.921367,38.991378,0.973039,0.0,8,14500.0,121.000073,7036.65
design-4370,c0.5-v1.0-s3,82,82,TrialState.SUCCESSFUL|SHUT_DOWN,1.000917,0.5,1.0,3,12,34,1.0,0.0,37.819805,1.048731,16.512674,0.92373,37.819805,0.963235,0.0,8,14500.0,121.000073,7036.65
design-4370,c0.8-v0.4-s1,89,89,TrialState.SUCCESSFUL|SHUT_DOWN,1.002405,0.8,0.4,1,12,46,1.0,0.0,43.748737,1.213138,13.95843,0.911773,43.748737,0.960145,0.0,12,14500.0,121.000073,7036.65
design-4370,c0.8-v0.4-s2,90,90,TrialState.SUCCESSFUL|SHUT_DOWN,1.002248,0.8,0.4,2,12,44,0.666667,0.333333,69.132323,1.917017,13.992094,0.860583,69.132323,0.757576,0.0,12,14500.0,121.000073,7036.65
design-4370,c0.8-v0.4-s3,91,91,TrialState.SUCCESSFUL|SHUT_DOWN,1.002706,0.8,0.4,3,12,46,1.0,0.0,46.454828,1.288177,14.003273,0.906316,46.454828,0.95471,0.0,11,14500.0,121.000073,7036.65
design-4370,c0.8-v1.0-s1,86,86,TrialState.SUCCESSFUL|SHUT_DOWN,1.002414,0.8,1.0,1,12,46,1.0,0.0,43.748737,1.213138,17.293553,0.911773,43.748737,0.960145,0.0,11,14500.0,121.000073,7036.65
design-4370,c0.8-v1.0-s2,87,87,TrialState.SUCCESSFUL|SHUT_DOWN,1.002611,0.8,1.0,2,12,44,1.0,0.0,44.052038,1.221549,16.989974,0.911162,44.052038,0.975379,0.0,9,14500.0,121.000073,7036.65
design-4370,c0.8-v1.0-s3,88,88,TrialState.SUCCESSFUL|SHUT_DOWN,1.000947,0.8,1.0,3,12,46,1.0,0.0,46.213203,1.281477,16.870929,0.906803,46.213203,0.974638,0.0,11,14500.0,121.000073,7036.65
design-512,c0.2-v0.4-s1,113,113,TrialState.SUCCESSFUL|SHUT_DOWN,1.001168,0.2,0.4,1,12,21,1.0,0.0,37.234019,1.032487,13.328043,0.937943,37.234019,0.972222,0.0,8,16000.0,100.000003,139.968
design-512,c0.2-v0.4-s2,114,114,TrialState.SUCCESSFUL|SHUT_DOWN,1.000927,0.2,0.4,2,12,21,0.833333,0.166667,53.090446,1.472181,12.637916,0.911516,53.090446,0.861111,0.0,9,16000.0,100.000003,139.968
design-512,c0.2-v0.4-s3,115,115,TrialState.SUCCESSFUL|SHUT_DOWN,1.00159,0.2,0.4,3,12,21,1.0,0.0,37.234019,1.032487,12.919384,0.937943,37.234019,0.988095,0.0,8,16000.0,100.000003,139.968
design-512,c0.2-v1.0-s1,110,110,TrialState.SUCCESSFUL|SHUT_DOWN,1.000479,0.2,1.0,1,12,21,1.0,0.0,37.234019,1.032487,13.328043,0.937943,37.234019,0.972222,0.0,8,16000.0,100.000003,139.968
design-512,c0.2-v1.0-s2,111,111,TrialState.SUCCESSFUL|SHUT_DOWN,1.000557,0.2,1.0,2,12,21,0.833333,0.166667,53.090446,1.472181,12.637916,0.911516,53.090446,0.861111,0.0,9,16000.0,100.000003,139.968
design-512,c0.2-v1.0-s3,112,112,TrialState.SUCCESSFUL|SHUT_DOWN,1.001328,0.2,1.0,3,12,21,1.0,0.0,37.234019,1.032487,12.919384,0.937943,37.234019,0.988095,0.0,8,16000.0,100.000003,139.968
design-512,c0.5-v0.4-s1,119,119,TrialState.SUCCESSFUL|SHUT_DOWN,1.00098,0.5,0.4,1,12,34,1.0,0.0,37.917436,1.051438,12.839922,0.936804,37.917436,0.985294,0.0,9,16000.0,100.000003,139.968
design-512,c0.5-v0.4-s2,120,120,TrialState.SUCCESSFUL|SHUT_DOWN,1.001577,0.5,0.4,2,12,34,0.833333,0.166667,52.492815,1.455609,11.780257,0.912512,52.492815,0.855392,0.0,9,16000.0,100.000003,139.968
design-512,c0.5-v0.4-s3,121,121,TrialState.SUCCESSFUL|SHUT_DOWN,1.001359,0.5,0.4,3,12,34,1.0,0.0,37.819805,1.048731,12.632832,0.936967,37.819805,0.965686,0.0,9,16000.0,100.000003,139.968
design-512,c0.5-v1.0-s1,116,116,TrialState.SUCCESSFUL|SHUT_DOWN,1.001131,0.5,1.0,1,12,34,1.0,0.0,37.917436,1.051438,12.839922,0.936804,37.917436,0.985294,0.0,9,16000.0,100.000003,139.968
design-512,c0.5-v1.0-s2,117,117,TrialState.SUCCESSFUL|SHUT_DOWN,1.002246,0.5,1.0,2,12,34,0.833333,0.166667,52.492815,1.455609,11.780257,0.912512,52.492815,0.855392,0.0,9,16000.0,100.000003,139.968
design-512,c0.5-v1.0-s3,118,118,TrialState.SUCCESSFUL|SHUT_DOWN,1.002895,0.5,1.0,3,12,34,1.0,0.0,37.819805,1.048731,12.632832,0.936967,37.819805,0.965686,0.0,9,16000.0,100.000003,139.968
design-512,c0.8-v0.4-s1,125,125,TrialState.SUCCESSFUL|SHUT_DOWN,1.00126,0.8,0.4,1,12,46,1.0,0.0,43.748737,1.213138,13.171122,0.927085,43.748737,0.972826,0.0,10,16000.0,100.000003,139.968
design-512,c0.8-v0.4-s2,126,126,TrialState.SUCCESSFUL|SHUT_DOWN,1.00252,0.8,0.4,2,12,44,0.25,0.75,101.101398,2.803509,12.789347,0.831498,101.101398,0.441288,0.0,11,16000.0,100.000003,139.968
design-512,c0.8-v0.4-s3,127,127,TrialState.SUCCESSFUL|SHUT_DOWN,1.000483,0.8,0.4,3,12,46,1.0,0.0,47.179702,1.308278,12.812019,0.921367,47.179702,0.976449,0.0,12,16000.0,100.000003,139.968
design-512,c0.8-v1.0-s1,122,122,TrialState.SUCCESSFUL|SHUT_DOWN,1.001846,0.8,1.0,1,12,46,1.0,0.0,43.748737,1.213138,13.171122,0.927085,43.748737,0.972826,0.0,10,16000.0,100.000003,139.968
design-512,c0.8-v1.0-s2,123,123,TrialState.SUCCESSFUL|SHUT_DOWN,1.00124,0.8,1.0,2,12,44,0.25,0.75,101.101398,2.803509,12.789347,0.831498,101.101398,0.441288,0.0,11,16000.0,100.000003,139.968
design-512,c0.8-v1.0-s3,124,124,TrialState.SUCCESSFUL|SHUT_DOWN,1.002446,0.8,1.0,3,12,46,1.0,0.0,47.179702,1.308278,12.812019,0.921367,47.179702,0.976449,0.0,12,16000.0,100.000003,139.968
design-549,c0.2-v0.4-s1,41,41,TrialState.SUCCESSFUL|SHUT_DOWN,1.001349,0.2,0.4,1,12,21,1.0,0.0,37.234019,1.032487,16.852239,0.896986,37.234019,0.97619,0.0,7,24000.0,166.00017,6232.968
design-549,c0.2-v0.4-s2,42,42,TrialState.SUCCESSFUL|SHUT_DOWN,1.001969,0.2,0.4,2,12,21,1.0,0.0,39.814601,1.104046,16.709,0.889846,39.814601,1.0,0.0,8,24000.0,166.00017,6232.968
design-549,c0.2-v0.4-s3,43,43,TrialState.SUCCESSFUL|SHUT_DOWN,1.001273,0.2,0.4,3,12,21,1.0,0.0,37.234019,1.032487,16.618174,0.896986,37.234019,0.988095,0.0,8,24000.0,166.00017,6232.968
design-549,c0.2-v1.0-s1,38,38,TrialState.SUCCESSFUL|SHUT_DOWN,1.00133,0.2,1.0,1,12,21,1.0,0.0,37.234019,1.032487,18.776433,0.896986,37.234019,0.980159,0.0,7,24000.0,166.00017,6232.968
design-549,c0.2-v1.0-s2,39,39,TrialState.SUCCESSFUL|SHUT_DOWN,1.001341,0.2,1.0,2,12,21,1.0,0.0,39.461048,1.094242,18.66738,0.890824,39.461048,1.0,0.0,7,24000.0,166.00017,6232.968
design-549,c0.2-v1.0-s3,40,40,TrialState.SUCCESSFUL|SHUT_DOWN,1.000969,0.2,1.0,3,12,21,1.0,0.0,37.234019,1.032487,18.425722,0.896986,37.234019,0.988095,0.0,8,24000.0,166.00017,6232.968
design-549,c0.5-v0.4-s1,47,47,TrialState.SUCCESSFUL|SHUT_DOWN,1.001143,0.5,0.4,1,12,34,1.0,0.0,37.234019,1.032487,16.925901,0.896986,37.234019,0.985294,0.0,7,24000.0,166.00017,6232.968
design-549,c0.5-v0.4-s2,48,48,TrialState.SUCCESSFUL|SHUT_DOWN,1.001443,0.5,0.4,2,12,34,1.0,0.0,38.991378,1.081218,15.791657,0.892124,38.991378,0.992647,0.0,8,24000.0,166.00017,6232.968
design-549,c0.5-v0.4-s3,49,49,TrialState.SUCCESSFUL|SHUT_DOWN,1.00152,0.5,0.4,3,12,34,1.0,0.0,37.819805,1.048731,16.720412,0.895365,37.819805,0.973039,0.0,8,24000.0,166.00017,6232.968
design-549,c0.5-v1.0-s1,44,44,TrialState.SUCCESSFUL|SHUT_DOWN,1.001096,0.5,1.0,1,12,34,1.0,0.0,37.234019,1.032487,18.975381,0.896986,37.234019,0.985294,0.0,7,24000.0,166.00017,6232.968
design-549,c0.5-v1.0-s2,45,45,TrialState.SUCCESSFUL|SHUT_DOWN,1.000981,0.5,1.0,2,12,34,1.0,0.0,38.991378,1.081218,17.966134,0.892124,38.991378,0.995098,0.0,8,24000.0,166.00017,6232.968
design-549,c0.5-v1.0-s3,46,46,TrialState.SUCCESSFUL|SHUT_DOWN,1.00231,0.5,1.0,3,12,34,1.0,0.0,37.819805,1.048731,18.452596,0.895365,37.819805,0.973039,0.0,8,24000.0,166.00017,6232.968
design-549,c0.8-v0.4-s1,53,53,TrialState.SUCCESSFUL|SHUT_DOWN,1.002166,0.8,0.4,1,12,46,1.0,0.0,43.748737,1.213138,16.919802,0.878962,43.748737,0.976449,0.0,11,24000.0,166.00017,6232.968
design-549,c0.8-v0.4-s2,54,54,TrialState.SUCCESSFUL|SHUT_DOWN,1.001847,0.8,0.4,2,12,44,0.833333,0.166667,56.297553,1.561113,16.804206,0.844243,56.297553,0.914773,0.0,9,24000.0,166.00017,6232.968
design-549,c0.8-v0.4-s3,55,55,TrialState.SUCCESSFUL|SHUT_DOWN,1.001993,0.8,0.4,3,12,46,1.0,0.0,46.213203,1.281477,16.782707,0.872143,46.213203,0.992754,0.0,10,24000.0,166.00017,6232.968
design-549,c0.8-v1.0-s1,50,50,TrialState.SUCCESSFUL|SHUT_DOWN,1.002832,0.8,1.0,1,12,46,1.0,0.0,43.748737,1.213138,19.113823,0.878962,43.748737,0.980072,0.0,9,24000.0,166.00017,6232.968
design-549,c0.8-v1.0-s2,51,51,TrialState.SUCCESSFUL|SHUT_DOWN,1.001887,0.8,1.0,2,12,44,1.0,0.0,43.344931,1.201941,18.834024,0.880079,43.344931,1.0,0.0,7,24000.0,166.00017,6232.968
design-549,c0.8-v1.0-s3,52,52,TrialState.SUCCESSFUL|SHUT_DOWN,1.516936,0.8,1.0,3,12,46,1.0,0.0,45.92031,1.273355,18.731664,0.872954,45.92031,0.981884,0.0,9,24000.0,166.00017,6232.968
design-785,c0.2-v0.4-s1,23,23,TrialState.SUCCESSFUL|SHUT_DOWN,1.001401,0.2,0.4,1,12,21,1.0,0.0,37.234019,1.032487,16.852239,0.910638,37.234019,0.97619,0.0,7,22000.0,144.00013,7385.868
design-785,c0.2-v0.4-s2,24,24,TrialState.SUCCESSFUL|SHUT_DOWN,1.001384,0.2,0.4,2,12,21,1.0,0.0,39.814601,1.104046,16.709,0.904445,39.814601,1.0,0.0,8,22000.0,144.00013,7385.868
design-785,c0.2-v0.4-s3,25,25,TrialState.SUCCESSFUL|SHUT_DOWN,1.001582,0.2,0.4,3,12,21,1.0,0.0,37.234019,1.032487,16.615669,0.910638,37.234019,0.988095,0.0,8,22000.0,144.00013,7385.868
design-785,c0.2-v1.0-s1,20,20,TrialState.SUCCESSFUL|SHUT_DOWN,1.001288,0.2,1.0,1,12,21,1.0,0.0,37.234019,1.032487,18.776433,0.910638,37.234019,0.980159,0.0,7,22000.0,144.00013,7385.868
design-785,c0.2-v1.0-s2,21,21,TrialState.SUCCESSFUL|SHUT_DOWN,1.001597,0.2,1.0,2,12,21,1.0,0.0,39.637825,1.099144,18.703601,0.904869,39.637825,1.0,0.0,7,22000.0,144.00013,7385.868
design-785,c0.2-v1.0-s3,22,22,TrialState.SUCCESSFUL|SHUT_DOWN,1.001222,0.2,1.0,3,12,21,1.0,0.0,37.234019,1.032487,18.425722,0.910638,37.234019,0.988095,0.0,8,22000.0,144.00013,7385.868
design-785,c0.5-v0.4-s1,29,29,TrialState.SUCCESSFUL|SHUT_DOWN,1.001266,0.5,0.4,1,12,34,1.0,0.0,37.234019,1.032487,16.925901,0.910638,37.234019,0.985294,0.0,7,22000.0,144.00013,7385.868
design-785,c0.5-v0.4-s2,30,30,TrialState.SUCCESSFUL|SHUT_DOWN,1.001147,0.5,0.4,2,12,34,1.0,0.0,38.991378,1.081218,15.791657,0.906421,38.991378,0.992647,0.0,8,22000.0,144.00013,7385.868
design-785,c0.5-v0.4-s3,31,31,TrialState.SUCCESSFUL|SHUT_DOWN,1.001265,0.5,0.4,3,12,34,1.0,0.0,37.819805,1.048731,16.722733,0.909232,37.819805,0.973039,0.0,8,22000.0,144.00013,7385.868
design-785,c0.5-v1.0-s1,26,26,TrialState.SUCCESSFUL|SHUT_DOWN,1.001082,0.5,1.0,1,12,34,1.0,0.0,37.234019,1.032487,18.975381,0.910638,37.234019,0.985294,0.0,7,22000.0,144.00013,7385.868
design-785,c0.5-v1.0-s2,27,27,TrialState.SUCCESSFUL|SHUT_DOWN,1.001282,0.5,1.0,2,12,34,1.0,0.0,38.991378,1.081218,17.966134,0.906421,38.991378,0.995098,0.0,8,22000.0,144.00013,7385.868
design-785,c0.5-v1.0-s3,28,28,TrialState.SUCCESSFUL|SHUT_DOWN,1.001569,0.5,1.0,3,12,34,1.0,0.0,37.819805,1.048731,18.454918,0.909232,37.819805,0.973039,0.0,8,22000.0,144.00013,7385.868
design-785,c0.8-v0.4-s1,35,35,TrialState.SUCCESSFUL|SHUT_DOWN,1.002189,0.8,0.4,1,12,46,1.0,0.0,43.748737,1.213138,16.914923,0.895003,43.748737,0.976449,0.0,11,22000.0,144.00013,7385.868
design-785,c0.8-v0.4-s2,36,36,TrialState.SUCCESSFUL|SHUT_DOWN,1.001347,0.8,0.4,2,12,44,0.833333,0.166667,56.297553,1.561113,16.802344,0.864886,56.297553,0.914773,0.0,9,22000.0,144.00013,7385.868
design-785,c0.8-v0.4-s3,37,37,TrialState.SUCCESSFUL|SHUT_DOWN,1.001301,0.8,0.4,3,12,46,1.0,0.0,46.213203,1.281477,16.779381,0.889088,46.213203,0.992754,0.0,10,22000.0,144.00013,7385.868
design-785,c0.8-v1.0-s1,32,32,TrialState.SUCCESSFUL|SHUT_DOWN,1.001655,0.8,1.0,1,12,46,1.0,0.0,43.748737,1.213138,19.111758,0.895003,43.748737,0.980072,0.0,9,22000.0,144.00013,7385.868
design-785,c0.8-v1.0-s2,33,33,TrialState.SUCCESSFUL|SHUT_DOWN,1.001201,0.8,1.0,2,12,44,1.0,0.0,43.344931,1.201941,18.833138,0.895972,43.344931,1.0,0.0,7,22000.0,144.00013,7385.868
design-785,c0.8-v1.0-s3,34,34,TrialState.SUCCESSFUL|SHUT_DOWN,1.001385,0.8,1.0,3,12,46,1.0,0.0,45.92031,1.273355,18.730498,0.889791,45.92031,0.981884,0.0,9,22000.0,144.00013,7385.868
frontier-1,c0.2-v0.4-s1,167,167,TrialState.SUCCESSFUL|SHUT_DOWN,1.000736,0.2,0.4,1,12,21,1.0,0.0,37.234019,1.032487,11.645231,0.950355,37.234019,0.924603,0.0,9,10000.0,80.000001,33.75
frontier-1,c0.2-v0.4-s2,168,168,TrialState.SUCCESSFUL|SHUT_DOWN,1.001322,0.2,0.4,2,12,21,0.75,0.25,59.674498,1.654755,10.64778,0.920434,59.674498,0.761905,0.0,9,10000.0,80.000001,33.75
frontier-1,c0.2-v0.4-s3,169,169,TrialState.SUCCESSFUL|SHUT_DOWN,1.001403,0.2,0.4,3,12,21,1.0,0.0,37.234019,1.032487,11.377771,0.950355,37.234019,0.952381,0.0,8,10000.0,80.000001,33.75
frontier-1,c0.2-v1.0-s1,164,164,TrialState.SUCCESSFUL|SHUT_DOWN,1.001562,0.2,1.0,1,12,21,1.0,0.0,37.234019,1.032487,11.645231,0.950355,37.234019,0.924603,0.0,9,10000.0,80.000001,33.75
frontier-1,c0.2-v1.0-s2,165,165,TrialState.SUCCESSFUL|SHUT_DOWN,1.001791,0.2,1.0,2,12,21,0.75,0.25,59.674498,1.654755,10.64778,0.920434,59.674498,0.761905,0.0,9,10000.0,80.000001,33.75
frontier-1,c0.2-v1.0-s3,166,166,TrialState.SUCCESSFUL|SHUT_DOWN,1.001965,0.2,1.0,3,12,21,1.0,0.0,37.234019,1.032487,11.377771,0.950355,37.234019,0.952381,0.0,8,10000.0,80.000001,33.75
frontier-1,c0.5-v0.4-s1,173,173,TrialState.SUCCESSFUL|SHUT_DOWN,1.001096,0.5,0.4,1,12,34,0.833333,0.166667,51.760582,1.435304,11.295351,0.930986,51.760582,0.958333,0.0,9,10000.0,80.000001,33.75
frontier-1,c0.5-v0.4-s2,174,174,TrialState.SUCCESSFUL|SHUT_DOWN,1.001339,0.5,0.4,2,12,34,0.75,0.25,59.219126,1.642127,10.286761,0.921041,59.219126,0.740196,0.0,10,10000.0,80.000001,33.75
frontier-1,c0.5-v0.4-s3,175,175,TrialState.SUCCESSFUL|SHUT_DOWN,1.001218,0.5,0.4,3,12,34,1.0,0.0,37.819805,1.048731,11.202343,0.949574,37.819805,0.916667,0.0,9,10000.0,80.000001,33.75
frontier-1,c0.5-v1.0-s1,170,170,TrialState.SUCCESSFUL|SHUT_DOWN,1.001459,0.5,1.0,1,12,34,0.833333,0.166667,51.760582,1.435304,11.295351,0.930986,51.760582,0.958333,0.0,9,10000.0,80.000001,33.75
frontier-1,c0.5-v1.0-s2,171,171,TrialState.SUCCESSFUL|SHUT_DOWN,1.000672,0.5,1.0,2,12,34,0.75,0.25,59.219126,1.642127,10.286761,0.921041,59.219126,0.740196,0.0,10,10000.0,80.000001,33.75
frontier-1,c0.5-v1.0-s3,172,172,TrialState.SUCCESSFUL|SHUT_DOWN,1.001258,0.5,1.0,3,12,34,1.0,0.0,37.819805,1.048731,11.202343,0.949574,37.819805,0.916667,0.0,9,10000.0,80.000001,33.75
frontier-1,c0.8-v0.4-s1,179,179,TrialState.SUCCESSFUL|SHUT_DOWN,1.002246,0.8,0.4,1,12,46,0.833333,0.166667,56.457281,1.565542,11.558613,0.924724,56.457281,0.842391,0.0,12,10000.0,80.000001,33.75
frontier-1,c0.8-v0.4-s2,180,180,TrialState.SUCCESSFUL|SHUT_DOWN,1.002733,0.8,0.4,2,12,44,0.25,0.75,101.101398,2.803509,11.315091,0.865198,101.101398,0.390152,0.0,11,10000.0,80.000001,33.75
frontier-1,c0.8-v0.4-s3,181,181,TrialState.SUCCESSFUL|SHUT_DOWN,1.001952,0.8,0.4,3,12,46,1.0,0.0,48.902122,1.35604,11.134286,0.934797,48.902122,0.949275,0.0,13,10000.0,80.000001,33.75
frontier-1,c0.8-v1.0-s1,176,176,TrialState.SUCCESSFUL|SHUT_DOWN,1.002365,0.8,1.0,1,12,46,0.833333,0.166667,56.457281,1.565542,11.558613,0.924724,56.457281,0.842391,0.0,12,10000.0,80.000001,33.75
frontier-1,c0.8-v1.0-s2,177,177,TrialState.SUCCESSFUL|SHUT_DOWN,1.002396,0.8,1.0,2,12,44,0.25,0.75,101.101398,2.803509,11.315091,0.865198,101.101398,0.390152,0.0,11,10000.0,80.000001,33.75
frontier-1,c0.8-v1.0-s3,178,178,TrialState.SUCCESSFUL|SHUT_DOWN,1.000461,0.8,1.0,3,12,46,1.0,0.0,48.902122,1.35604,11.134286,0.934797,48.902122,0.949275,0.0,13,10000.0,80.000001,33.75
frontier-3,c0.2-v0.4-s1,131,131,TrialState.SUCCESSFUL|SHUT_DOWN,1.000847,0.2,0.4,1,12,21,1.0,0.0,37.234019,1.032487,12.94553,0.937943,37.234019,0.956349,0.0,8,15000.0,100.000002,78.732
frontier-3,c0.2-v0.4-s2,132,132,TrialState.SUCCESSFUL|SHUT_DOWN,1.001235,0.2,0.4,2,12,21,0.833333,0.166667,53.124964,1.473138,12.222433,0.911458,53.124964,0.853175,0.0,9,15000.0,100.000002,78.732
frontier-3,c0.2-v0.4-s3,133,133,TrialState.SUCCESSFUL|SHUT_DOWN,1.001646,0.2,0.4,3,12,21,1.0,0.0,37.234019,1.032487,12.478819,0.937943,37.234019,0.984127,0.0,8,15000.0,100.000002,78.732
frontier-3,c0.2-v1.0-s1,128,128,TrialState.SUCCESSFUL|SHUT_DOWN,1.001306,0.2,1.0,1,12,21,1.0,0.0,37.234019,1.032487,12.94553,0.937943,37.234019,0.956349,0.0,8,15000.0,100.000002,78.732
frontier-3,c0.2-v1.0-s2,129,129,TrialState.SUCCESSFUL|SHUT_DOWN,1.001279,0.2,1.0,2,12,21,0.833333,0.166667,53.124964,1.473138,12.222433,0.911458,53.124964,0.853175,0.0,9,15000.0,100.000002,78.732
frontier-3,c0.2-v1.0-s3,130,130,TrialState.SUCCESSFUL|SHUT_DOWN,1.000757,0.2,1.0,3,12,21,1.0,0.0,37.234019,1.032487,12.478819,0.937943,37.234019,0.984127,0.0,8,15000.0,100.000002,78.732
frontier-3,c0.5-v0.4-s1,137,137,TrialState.SUCCESSFUL|SHUT_DOWN,1.00116,0.5,0.4,1,12,34,0.833333,0.166667,51.589728,1.430567,12.498866,0.914017,51.589728,0.982843,0.0,9,15000.0,100.000002,78.732
frontier-3,c0.5-v0.4-s2,138,138,TrialState.SUCCESSFUL|SHUT_DOWN,1.001819,0.5,0.4,2,12,34,0.833333,0.166667,52.492815,1.455609,11.517297,0.912512,52.492815,0.843137,0.0,10,15000.0,100.000002,78.732
frontier-3,c0.5-v0.4-s3,139,139,TrialState.SUCCESSFUL|SHUT_DOWN,1.000511,0.5,0.4,3,12,34,1.0,0.0,37.819805,1.048731,12.238289,0.936967,37.819805,0.963235,0.0,9,15000.0,100.000002,78.732
frontier-3,c0.5-v1.0-s1,134,134,TrialState.SUCCESSFUL|SHUT_DOWN,1.000698,0.5,1.0,1,12,34,0.833333,0.166667,51.589728,1.430567,12.498866,0.914017,51.589728,0.982843,0.0,9,15000.0,100.000002,78.732
frontier-3,c0.5-v1.0-s2,135,135,TrialState.SUCCESSFUL|SHUT_DOWN,1.001416,0.5,1.0,2,12,34,0.833333,0.166667,52.492815,1.455609,11.517297,0.912512,52.492815,0.843137,0.0,10,15000.0,100.000002,78.732
frontier-3,c0.5-v1.0-s3,136,136,TrialState.SUCCESSFUL|SHUT_DOWN,1.001536,0.5,1.0,3,12,34,1.0,0.0,37.819805,1.048731,12.238289,0.936967,37.819805,0.963235,0.0,9,15000.0,100.000002,78.732
frontier-3,c0.8-v0.4-s1,143,143,TrialState.SUCCESSFUL|SHUT_DOWN,1.001972,0.8,0.4,1,12,46,1.0,0.0,43.748737,1.213138,12.802956,0.927085,43.748737,0.971014,0.0,11,15000.0,100.000002,78.732
frontier-3,c0.8-v0.4-s2,144,144,TrialState.SUCCESSFUL|SHUT_DOWN,1.00246,0.8,0.4,2,12,44,0.25,0.75,101.101398,2.803509,12.571913,0.831498,101.101398,0.435606,0.0,11,15000.0,100.000002,78.732
frontier-3,c0.8-v0.4-s3,145,145,TrialState.SUCCESSFUL|SHUT_DOWN,1.001026,0.8,0.4,3,12,46,1.0,0.0,47.583805,1.319484,12.532867,0.920694,47.583805,0.976449,0.0,13,15000.0,100.000002,78.732
frontier-3,c0.8-v1.0-s1,140,140,TrialState.SUCCESSFUL|SHUT_DOWN,1.00067,0.8,1.0,1,12,46,1.0,0.0,43.748737,1.213138,12.802956,0.927085,43.748737,0.971014,0.0,11,15000.0,100.000002,78.732
frontier-3,c0.8-v1.0-s2,141,141,TrialState.SUCCESSFUL|SHUT_DOWN,1.000943,0.8,1.0,2,12,44,0.25,0.75,101.101398,2.803509,12.571913,0.831498,101.101398,0.435606,0.0,11,15000.0,100.000002,78.732
frontier-3,c0.8-v1.0-s3,142,142,TrialState.SUCCESSFUL|SHUT_DOWN,1.002509,0.8,1.0,3,12,46,1.0,0.0,47.583805,1.319484,12.532867,0.920694,47.583805,0.976449,0.0,13,15000.0,100.000002,78.732
frontier-38,c0.2-v0.4-s1,149,149,TrialState.SUCCESSFUL|SHUT_DOWN,1.003166,0.2,0.4,1,12,21,1.0,0.0,37.234019,1.032487,13.032411,0.919326,37.234019,0.956349,0.0,8,16000.0,130.000002,83.232
frontier-38,c0.2-v0.4-s2,150,150,TrialState.SUCCESSFUL|SHUT_DOWN,2.011676,0.2,0.4,2,12,21,0.916667,0.083333,46.364135,1.285663,12.330658,0.899544,46.364135,0.928571,0.0,9,16000.0,130.000002,83.232
frontier-38,c0.2-v0.4-s3,151,151,TrialState.SUCCESSFUL|SHUT_DOWN,1.001567,0.2,0.4,3,12,21,1.0,0.0,37.234019,1.032487,12.532167,0.919326,37.234019,0.984127,0.0,8,16000.0,130.000002,83.232
frontier-38,c0.2-v1.0-s1,146,146,TrialState.SUCCESSFUL|SHUT_DOWN,1.001602,0.2,1.0,1,12,21,1.0,0.0,37.234019,1.032487,13.032411,0.919326,37.234019,0.956349,0.0,8,16000.0,130.000002,83.232
frontier-38,c0.2-v1.0-s2,147,147,TrialState.SUCCESSFUL|SHUT_DOWN,1.001613,0.2,1.0,2,12,21,0.916667,0.083333,46.364135,1.285663,12.330658,0.899544,46.364135,0.928571,0.0,9,16000.0,130.000002,83.232
frontier-38,c0.2-v1.0-s3,148,148,TrialState.SUCCESSFUL|SHUT_DOWN,1.001333,0.2,1.0,3,12,21,1.0,0.0,37.234019,1.032487,12.532167,0.919326,37.234019,0.984127,0.0,8,16000.0,130.000002,83.232
frontier-38,c0.5-v0.4-s1,155,155,TrialState.SUCCESSFUL|SHUT_DOWN,1.001232,0.5,0.4,1,12,34,0.916667,0.083333,44.790194,1.242018,12.533859,0.902955,44.790194,0.982843,0.0,9,16000.0,130.000002,83.232
frontier-38,c0.5-v0.4-s2,156,156,TrialState.SUCCESSFUL|SHUT_DOWN,1.001353,0.5,0.4,2,12,34,0.916667,0.083333,45.742097,1.268414,11.58685,0.900892,45.742097,0.906863,0.0,10,16000.0,130.000002,83.232
frontier-38,c0.5-v0.4-s3,157,157,TrialState.SUCCESSFUL|SHUT_DOWN,1.001282,0.5,0.4,3,12,34,1.0,0.0,37.819805,1.048731,12.294911,0.918057,37.819805,0.963235,0.0,9,16000.0,130.000002,83.232
frontier-38,c0.5-v1.0-s1,152,152,TrialState.SUCCESSFUL|SHUT_DOWN,1.000894,0.5,1.0,1,12,34,0.916667,0.083333,44.790194,1.242018,12.533859,0.902955,44.790194,0.982843,0.0,9,16000.0,130.000002,83.232
frontier-38,c0.5-v1.0-s2,153,153,TrialState.SUCCESSFUL|SHUT_DOWN,1.001201,0.5,1.0,2,12,34,0.916667,0.083333,45.742097,1.268414,11.58685,0.900892,45.742097,0.906863,0.0,10,16000.0,130.000002,83.232
frontier-38,c0.5-v1.0-s3,154,154,TrialState.SUCCESSFUL|SHUT_DOWN,1.001343,0.5,1.0,3,12,34,1.0,0.0,37.819805,1.048731,12.294911,0.918057,37.819805,0.963235,0.0,9,16000.0,130.000002,83.232
frontier-38,c0.8-v0.4-s1,161,161,TrialState.SUCCESSFUL|SHUT_DOWN,1.002165,0.8,0.4,1,12,46,1.0,0.0,43.748737,1.213138,12.836937,0.905211,43.748737,0.972826,0.0,11,16000.0,130.000002,83.232
frontier-38,c0.8-v0.4-s2,162,162,TrialState.SUCCESSFUL|SHUT_DOWN,1.002282,0.8,0.4,2,12,44,0.25,0.75,101.101398,2.803509,12.594108,0.780947,101.101398,0.435606,0.0,11,16000.0,130.000002,83.232
frontier-38,c0.8-v0.4-s3,163,163,TrialState.SUCCESSFUL|SHUT_DOWN,1.001427,0.8,0.4,3,12,46,1.0,0.0,47.362401,1.313344,12.580364,0.897381,47.362401,0.976449,0.0,13,16000.0,130.000002,83.232
frontier-38,c0.8-v1.0-s1,158,158,TrialState.SUCCESSFUL|SHUT_DOWN,1.002083,0.8,1.0,1,12,46,1.0,0.0,43.748737,1.213138,12.836937,0.905211,43.748737,0.972826,0.0,11,16000.0,130.000002,83.232
frontier-38,c0.8-v1.0-s2,159,159,TrialState.SUCCESSFUL|SHUT_DOWN,1.002235,0.8,1.0,2,12,44,0.25,0.75,101.101398,2.803509,12.594108,0.780947,101.101398,0.435606,0.0,11,16000.0,130.000002,83.232
frontier-38,c0.8-v1.0-s3,160,160,TrialState.SUCCESSFUL|SHUT_DOWN,1.001163,0.8,1.0,3,12,46,1.0,0.0,47.362401,1.313344,12.580364,0.897381,47.362401,0.976449,0.0,13,16000.0,130.000002,83.232
